state,year,govelec,black,metro,unem,criv,crip,ag0_14,ag15_17,ag18_24,ag25_34,incpc,polpc,pris,final1,final2
1,80,0,0.256,0.632,0.08775,444.78683,4447.6377,0.24088341,0.057524394,0.13225475,0.1538264,7673.1763,235.00256,141.33472,0,0
1,81,0,0.2557,0.6362,0.10667,470.0944,4424.879,0.2367951,0.054605767,0.13243175,0.15845878,8442.723,227.22633,163.53365,0,0
1,82,1,0.2554,0.6404,0.14367,449.75797,4205.0444,0.23363058,0.05197452,0.13171974,0.15847133,8855.808,219.43948,183.69481,0,0
1,83,0,0.2551,0.6446,0.13667,418.6833,3708.4392,0.23131672,0.04956787,0.13040163,0.15963396,9411.027,222.59785,218.6242,0,0
1,84,0,0.2548,0.64879996,0.111669995,435.3239,3504.2256,0.22798581,0.048582997,0.1277834,0.16093117,10267.68,214.39777,245.06862,0,0
1,85,0,0.2545,0.65300006,0.08908,463.07578,3526.68,0.22527057,0.0488296,0.124087594,0.16259754,10974.39,220.53864,259.26114,0,0
1,86,1,0.2542,0.65720004,0.09833,566.5331,3787.3496,0.22244489,0.050100204,0.11973947,0.16382764,11666.695,226.80362,270.55124,0,0
1,87,0,0.2539,0.6614,0.07775,568.6924,3958.107,0.22042342,0.050062265,0.11606476,0.16438356,12289.268,241.17062,288.17633,0,0
1,88,0,0.2536,0.6656,0.07208,572.8628,4105.592,0.21968192,0.048707753,0.11356859,0.16351889,13052.042,256.26242,313.873,0,0
1,89,0,0.2533,0.66980004,0.07025,603.69727,4125.161,0.21910669,0.04640199,0.11166253,0.16203474,13967.873,268.88336,307.08252,0,0
1,90,1,0.253,0.674,0.06775,706.9136,4196.8887,0.2182716,0.044938274,0.10987654,0.15975308,14896.788,280.49384,336.84863,0,0
1,91,0,0.2527,0.6782,0.072,843.9609,4520.3423,0.2176039,0.04425428,0.10929095,0.1574572,15600.99,288.9731,379.3827,0,0
1,92,0,0.2524,0.6824,0.073,871.2421,4394.3213,0.2153214,0.043982603,0.10874819,0.15466408,16494.385,290.0435,400.978,0,0
1,93,0,0.2521,0.6866,0.075,780.4156,4098.352,0.21351802,0.04370671,0.108430855,0.1523764,17105.346,296.84738,409.3282,0,0
2,80,0,0.034,0.43400002,0.09592,477.36322,5703.9805,0.2686567,0.054726366,0.14925373,0.22636816,13784.794,315.9204,132.00992,0,0
2,81,0,0.0347,0.4317,0.09233,606.9378,5893.3013,0.26794258,0.05263158,0.13875598,0.23444977,15385.251,305.98087,142.0398,0,0
2,82,1,0.0354,0.4294,0.09983,607.11115,5439.778,0.26444444,0.04888889,0.1311111,0.23555556,17119.225,280.0,170.57416,0,0
2,83,0,0.0361,0.4271,0.10308,602.459,5305.123,0.26844263,0.047131147,0.125,0.23565574,17930.697,268.85245,193.77777,0,0
2,84,0,0.0368,0.4248,0.1015,604.66925,5343.9688,0.270428,0.046692606,0.12062257,0.23151751,17625.547,286.18677,219.67213,0,0
2,85,0,0.0375,0.4225,0.09608,569.7369,5185.7144,0.27631578,0.046992484,0.116541356,0.22556391,18430.637,294.54886,251.55643,0,0
2,86,1,0.0382,0.4202,0.10908,559.92645,5571.1396,0.27941176,0.04779412,0.113970585,0.21691178,17821.215,277.20587,287.594,0,0
2,87,0,0.038900003,0.4179,0.108,443.59927,4794.2485,0.2820037,0.048237476,0.111317255,0.2096475,17252.17,318.7384,306.25,0,0
2,88,0,0.0396,0.4156,0.09225,494.83395,4163.4688,0.2785978,0.044280443,0.10701107,0.2084871,17932.758,355.71957,327.8293,0,0
2,89,0,0.0403,0.4133,0.06742,479.52466,4125.594,0.2760512,0.042047534,0.10603291,0.20658134,19636.496,353.5649,343.54242,0,0
2,90,1,0.040999997,0.41099998,0.07025,520.7581,4595.1265,0.27256316,0.041516248,0.10108303,0.20397112,20848.021,350.1805,348.8117,0,0
2,91,0,0.0417,0.4087,0.085,614.9385,5096.661,0.2759227,0.04042179,0.09841827,0.19683655,21581.395,273.63797,334.11554,1,0
2,92,0,0.0424,0.4064,0.091000006,659.35376,4900.68,0.27380952,0.04251701,0.096938774,0.1887755,22235.414,233.84354,323.37433,0,1
2,93,0,0.0431,0.4041,0.076,760.76794,4807.1787,0.2721202,0.043405674,0.09682805,0.1803005,23014.133,275.95993,330.61224,0,1
3,80,0,0.027999999,0.751,0.067,650.2207,7512.6196,0.23730685,0.054083887,0.13576159,0.16335541,9332.06,299.48492,141.76784,0,0
3,81,0,0.028199999,0.7549,0.06125,572.3132,6995.5513,0.23202847,0.05053381,0.13451958,0.17081851,10250.007,302.63345,160.41208,0,0
3,82,1,0.028399998,0.75879997,0.09917,511.59167,6545.364,0.22906575,0.047750864,0.13217993,0.17266436,10476.102,294.6367,185.01779,0,0
3,83,0,0.0286,0.76269996,0.09117,493.1627,5885.4834,0.22701246,0.04580667,0.12899967,0.17514315,11228.498,288.21152,209.27336,0,0
3,84,0,0.028800001,0.7666,0.04933,513.72675,5955.983,0.22627975,0.044995107,0.12487773,0.17737202,12285.703,284.47995,227.11351,0,0
3,85,0,0.029000001,0.7705,0.06508,603.0779,6519.8184,0.2255025,0.04522613,0.12060302,0.17870604,13219.922,282.1294,249.29898,0,0
3,86,1,0.0292,0.7744,0.06925,660.0665,6681.227,0.22249094,0.045646917,0.11698911,0.1804716,13993.291,288.3011,259.8304,0,0
3,87,0,0.0294,0.77830005,0.06275,603.4914,6478.411,0.22345068,0.044806518,0.113762,0.18009892,14526.112,288.79837,273.21643,0,0
3,88,0,0.0296,0.78220004,0.06258,598.21783,6727.2417,0.22404526,0.04328147,0.11173975,0.17906648,15063.988,291.79633,307.18652,0,0
3,89,0,0.0298,0.78610003,0.052250005,588.62506,7324.2407,0.22749862,0.041137494,0.109884046,0.17586969,15639.458,294.16068,341.2447,0,0
3,90,1,0.03,0.79,0.05325,649.5789,7205.352,0.22928552,0.04047813,0.107036136,0.17223582,16254.542,298.66882,354.5831,0,0
3,91,0,0.030199999,0.7939,0.056999996,671.4362,6742.098,0.23144688,0.03977576,0.1033102,0.1692472,16758.816,338.441,375.79462,0,0
3,92,0,0.0304,0.7978,0.074,670.82465,6357.7505,0.23303759,0.04018789,0.10046973,0.1651879,17484.72,335.17746,397.54404,0,0
3,93,0,0.0306,0.8017,0.062,714.98987,6716.7427,0.23170732,0.04014228,0.0988313,0.16183943,18119.162,341.99695,416.10126,0,0
4,80,1,0.16299999,0.387,0.07608,334.90814,3472.8782,0.23709536,0.05686789,0.1216098,0.14654417,7384.177,200.3937,131.21973,0,0
4,81,0,0.1626,0.3884,0.09099999,310.46664,3487.658,0.2333188,0.05320541,0.122982986,0.15045792,8304.127,192.8478,127.34033,0,0
4,82,1,0.16219999,0.38979998,0.09774999,324.23712,3542.2405,0.23060158,0.050130777,0.1233653,0.14952049,8646.841,194.94333,145.13737,0,0
4,83,0,0.1618,0.39119998,0.10125,300.5204,3233.4346,0.2281006,0.04770165,0.12315699,0.15047702,9099.015,192.80139,170.96774,0,0
4,84,1,0.16139999,0.39259997,0.08941999,325.38794,3084.224,0.2262931,0.04698276,0.12068966,0.1512931,10052.484,195.43103,183.26106,0,0
4,85,0,0.161,0.39400002,0.08633,352.34207,3281.994,0.2247529,0.047271166,0.11731844,0.1521272,10674.928,197.29265,193.18965,0,0
4,86,1,0.16059999,0.39540002,0.08758,401.58664,3590.4373,0.22126931,0.04845626,0.11363636,0.1535163,11209.113,201.92966,203.0941,0,0
4,87,0,0.1602,0.3968,0.081,420.11102,3908.4968,0.22032452,0.04824936,0.10973527,0.15456875,11613.968,204.61145,221.22641,0,0
4,88,0,0.1598,0.3982,0.07667,436.9185,3924.968,0.22065727,0.047375157,0.10584721,0.15450278,12289.022,208.06659,234.45773,0,0
4,89,0,0.1594,0.3996,0.07242,485.8056,4186.4023,0.22080137,0.04560955,0.10315431,0.15387894,13086.788,211.59421,250.06401,0,0
4,90,1,0.159,0.401,0.06883,531.2527,4326.8364,0.21995755,0.044585988,0.101061575,0.15201698,13779.282,214.56476,279.02814,0,0
4,91,0,0.1586,0.40240002,0.073,593.5049,4583.5933,0.21931675,0.04428511,0.10122312,0.14888233,14456.4795,233.99411,308.87473,0,0
4,92,0,0.1582,0.4038,0.072,577.736,4193.9014,0.2176274,0.044695072,0.10150376,0.1453634,15585.84,237.80284,325.68536,0,0
4,93,0,0.1578,0.4052,0.062,593.2756,4217.45,0.21699671,0.044967,0.10189769,0.14191419,15996.538,214.85147,342.31412,0,0
5,80,0,0.077,0.953,0.06808,888.49927,6899.7886,0.21776238,0.052137908,0.13740072,0.17927158,11744.407,268.98343,91.41334,0,0
5,81,0,0.0767,0.95339996,0.074,858.4576,6692.342,0.21600921,0.04875237,0.13592193,0.18714485,12837.078,269.36096,98.29305,0,0
5,82,1,0.0764,0.95379996,0.0995,811.5592,6445.717,0.21619661,0.04625302,0.13360193,0.18908139,13410.308,265.95486,114.934525,0,0
5,83,0,0.0761,0.95419997,0.09667,766.92035,5861.542,0.21671924,0.044597793,0.13071766,0.19171925,14109.53,267.2358,135.3062,0,0
5,84,0,0.0758,0.9546,0.07775,756.8062,5655.978,0.21602693,0.044149514,0.12765051,0.19381674,15374.943,266.64215,149.94084,0,0
5,85,0,0.075500004,0.955,0.07192,763.0687,5736.205,0.21546084,0.04436292,0.1246549,0.19534057,16314.832,260.94702,161.167,0,0
5,86,1,0.0752,0.9554,0.06675,916.4269,5816.1724,0.21511328,0.044830643,0.12146705,0.19618478,17082.508,267.53375,182.76918,0,0
5,87,0,0.0749,0.9558,0.05767,914.22046,5565.4966,0.21636607,0.043705225,0.11930734,0.1960975,17830.941,265.59744,212.99167,0,0
5,88,0,0.0746,0.9562,0.052999996,920.1518,5646.3604,0.21820545,0.041701797,0.11793845,0.19526419,18705.871,263.64178,233.32973,0,0
5,89,0,0.0743,0.9566,0.050829995,972.46906,5755.069,0.22068588,0.03942775,0.117290705,0.19333974,19619.92,266.40427,259.2046,0,0
5,90,1,0.074,0.95699996,0.05617,1040.6871,5534.4307,0.2248988,0.038810264,0.114657566,0.19030413,20665.762,269.77484,288.65082,0,0
5,91,0,0.073699996,0.95739996,0.075,1088.9663,5677.6104,0.2308679,0.037918903,0.10879074,0.18818036,20879.94,292.5116,314.90515,0,0
5,92,0,0.0734,0.9578,0.091000006,1118.7053,5554.74,0.23453632,0.03806441,0.103608996,0.18514322,21599.55,285.40863,323.98788,0,0
5,93,0,0.0731,0.9582,0.092,1077.7643,5379.142,0.23741628,0.037903305,0.09938803,0.18163468,21883.385,274.7429,341.3724,0,0
6,80,0,0.035,0.805,0.0585,526.4706,6777.578,0.2266436,0.052941173,0.14463668,0.19723183,10688.288,274.11765,93.2959,0,0
6,81,0,0.0355,0.806,0.05533,529.0463,6787.072,0.2256548,0.04936199,0.13969107,0.20382807,11953.0205,268.67026,90.27682,0,0
6,82,1,0.036,0.807,0.07742,501.43695,6539.19,0.22501633,0.046701502,0.13455258,0.20411496,12757.3955,275.1143,93.01544,0,0
6,83,0,0.0365,0.808,0.06675,477.18573,6160.4976,0.2255903,0.04499043,0.12890874,0.20421186,13371.829,262.9866,107.31548,0,0
6,84,0,0.037,0.809,0.056500003,458.92743,6028.5176,0.22429022,0.04479495,0.12302839,0.2037855,14288.07,272.1451,110.2425,0,0
6,85,0,0.0375,0.81,0.05875,474.2599,6492.2407,0.22343409,0.04549704,0.1177937,0.20286694,14778.165,270.3646,106.94006,0,0
6,86,1,0.038,0.811,0.07417,528.4213,6568.613,0.22242817,0.04603027,0.112449795,0.2008032,15065.095,275.31665,113.15051,0,0
6,87,0,0.0385,0.812,0.07667,472.6687,6049.8467,0.22361964,0.045092024,0.108282216,0.19723926,15503.43,276.8865,128.11244,0,0
6,88,0,0.039,0.813,0.06442,476.64008,5754.721,0.2244022,0.042611893,0.10576334,0.19313306,16543.715,280.22684,153.86502,0,0
6,89,0,0.0395,0.814,0.05792,477.2894,5637.729,0.22435898,0.03998779,0.104090355,0.18864469,17766.156,278.5867,186.57266,0,0
6,90,1,0.04,0.815,0.04958,523.6628,5503.3545,0.2233303,0.038984586,0.102145664,0.18434572,18785.904,275.37018,223.38216,0,0
6,91,0,0.0405,0.816,0.05,560.4451,5526.261,0.2240356,0.038575668,0.09970327,0.17982195,19743.736,314.6291,231.8223,0,0
6,92,0,0.040999997,0.817,0.059,579.68256,5387.7056,0.22337662,0.03924964,0.09841269,0.17431457,20574.924,314.43002,249.02077,0,0
6,93,0,0.041500002,0.818,0.051999997,567.27423,4959.507,0.22349972,0.03982053,0.09702748,0.16909702,21475.217,316.2647,259.6537,0,0
7,80,0,0.07,0.927,0.05867,410.8108,5446.6855,0.20817246,0.056628056,0.123873875,0.15797941,12186.145,264.02832,69.08914,0,0
7,81,0,0.0713,0.9267,0.0615,448.48193,5394.375,0.20134228,0.05465005,0.12527965,0.16299137,13508.009,262.09653,88.48134,0,0
7,82,1,0.0726,0.9264,0.06925,401.30615,5050.3984,0.19655941,0.051927365,0.12551768,0.1627907,14492.877,264.60657,106.99904,0,0
7,83,0,0.0739,0.9261,0.06025,372.13788,4567.9,0.19386464,0.04933586,0.12523718,0.16476913,15412.566,264.16824,99.68143,0,0
7,84,0,0.0752,0.9258,0.046080004,390.62894,4200.409,0.19056605,0.04779874,0.12389937,0.16698113,17098.252,264.1824,113.12461,0,0
7,85,0,0.0765,0.92550004,0.048500005,398.56296,4266.5415,0.18806623,0.047172755,0.122149326,0.16932209,18270.51,270.353,117.86164,0,0
7,86,1,0.077800006,0.9252,0.03792,421.15384,4355.18,0.18672457,0.046836227,0.11941688,0.17152604,19675.943,275.43423,126.30428,0,0
7,87,0,0.0791,0.9249,0.03317,414.3825,4525.9624,0.1869418,0.04434863,0.11641515,0.17369881,21239.514,279.67355,134.18114,0,0
7,88,0,0.0804,0.9246,0.02992,451.0697,4598.258,0.18856968,0.040953547,0.1133863,0.17573349,23163.314,283.6797,142.80875,0,0
7,89,0,0.0817,0.9243,0.03642,504.90402,4694.456,0.19128846,0.037465733,0.1096558,0.17727688,24551.078,279.43954,144.34596,0,0
7,90,1,0.083000004,0.924,0.050829995,553.5584,4831.7217,0.19403893,0.03588808,0.10462287,0.17670317,25435.791,275.72992,192.17178,0,0
7,91,0,0.084300004,0.92370003,0.067,539.848,4825.836,0.1969605,0.034954406,0.09908815,0.17355624,25847.441,262.03647,236.34428,0,0
7,92,0,0.0856,0.9234,0.075,495.6389,4560.3843,0.19945104,0.035071667,0.09362611,0.16895396,27155.42,268.67947,260.94223,0,0
7,93,0,0.086899996,0.9231,0.062,456.17944,4194.1714,0.20140374,0.035093073,0.08910589,0.1638694,27959.986,270.43027,268.19153,0,0
8,80,0,0.161,0.67,0.0775,475.42087,6310.101,0.22222221,0.057239056,0.13973065,0.15993266,10373.765,268.0135,182.85715,0,0
8,81,0,0.1618,0.6693,0.08,510.73828,6201.007,0.21644294,0.055369128,0.14261745,0.16442953,11303.399,264.26175,182.99663,0,0
8,82,1,0.1626,0.6686,0.084,562.6043,5854.2573,0.21535893,0.05175292,0.14190318,0.16527545,12035.1455,252.58765,209.39598,0,0
8,83,0,0.1634,0.6679,0.08083,453.8843,5021.157,0.21487604,0.047933884,0.13884297,0.16694216,12803.117,249.09091,252.58765,0,0
8,84,0,0.16420001,0.6672,0.06167,436.4379,4578.5947,0.2124183,0.045751635,0.13562092,0.16993463,13731.085,253.43137,260.99173,0,0
8,85,0,0.165,0.66650003,0.05367,436.08414,4557.2812,0.2119741,0.045307446,0.13268608,0.17313915,14712.616,259.3851,252.61438,0,0
8,86,1,0.1658,0.66580003,0.04333,430.414,4439.6494,0.20859873,0.046178345,0.12738854,0.1767516,15531.656,262.8981,284.62784,0,0
8,87,0,0.1666,0.66510004,0.03333,435.47882,4557.614,0.20722136,0.043956045,0.12244898,0.17896388,16365.984,274.09732,311.46497,0,0
8,88,0,0.1674,0.66440004,0.03158,460.03085,4427.932,0.20833334,0.041666664,0.120370366,0.17901234,17547.232,284.10495,338.9325,0,0
8,89,0,0.1682,0.66370004,0.03583,569.1489,4406.9907,0.2082067,0.03799392,0.11702128,0.1793313,18874.996,292.17325,340.58643,1,0
8,90,1,0.169,0.66300005,0.05233,652.4664,4685.2017,0.20926756,0.037369207,0.11360239,0.17787743,19720.514,299.55154,347.11246,0,1
8,91,0,0.1698,0.66230005,0.062,713.2159,5147.577,0.20998532,0.03671072,0.11013216,0.17621145,20310.53,282.8194,334.97757,0,1
8,92,0,0.1706,0.66160005,0.053000003,619.3922,4215.0503,0.21128799,0.03617945,0.105643995,0.17366137,21098.406,285.6729,363.14246,0,0
8,93,0,0.1714,0.66089994,0.053000003,685.8572,4186.2856,0.21285716,0.037142858,0.101428576,0.17,21743.47,374.5714,391.46167,0,0
9,80,1,0.703,1.0,0.074,2075.5486,8116.4575,0.17711599,0.04702194,0.15203762,0.19278997,12500.663,678.8401,399.84616,0,0
9,81,0,0.6985,1.0,0.08866999,2361.8525,8554.945,0.17268446,0.045525905,0.15070644,0.2009419,13627.722,656.3579,426.17554,0,0
9,82,0,0.694,1.0,0.104169995,2191.6404,8358.201,0.170347,0.04258675,0.14984228,0.2066246,14672.903,692.2713,460.28256,0,0
9,83,0,0.6895,1.0,0.11592,1957.1204,7361.392,0.16613925,0.03955696,0.1471519,0.21044303,15442.862,697.6266,528.5489,0,0
9,84,1,0.685,1.0,0.09075,1771.406,6888.1514,0.16429698,0.03949447,0.14375988,0.21327014,16680.057,696.05054,548.2595,0,0
9,85,0,0.68050003,1.0,0.08367,1602.9921,6290.394,0.16377953,0.03937008,0.13858268,0.21574803,17534.297,703.937,587.36176,0,0
9,86,0,0.676,1.0,0.07733,1476.9592,6705.4854,0.16300939,0.040752348,0.13322884,0.21786834,18060.77,701.7241,725.03937,0,0
9,87,0,0.6715,1.0,0.06342,1572.3705,6680.22,0.1632653,0.03924647,0.13029827,0.21664052,19272.275,712.48035,750.3135,0,0
9,88,1,0.667,1.0,0.04842,1891.1112,7866.1904,0.16349207,0.03809524,0.13174604,0.21111111,21301.715,730.1587,881.31866,0,0
9,89,0,0.6625,1.0,0.05075,2073.2373,7890.2246,0.16506411,0.033653844,0.13301282,0.20512821,22800.186,808.0129,1052.0635,0,0
9,90,0,0.65800005,1.0,0.06733,2470.033,8355.96,0.16556291,0.031456955,0.13576159,0.20033114,24632.482,907.9471,1065.7051,0,0
9,91,0,0.65349996,1.0,0.077,2469.8652,8370.707,0.17003366,0.028619528,0.12794612,0.20033671,26104.518,866.6667,1125.4967,0,0
9,92,1,0.649,1.0,0.084,2852.1367,8632.821,0.17094018,0.027350428,0.11965812,0.2017094,28323.25,890.0855,1196.2963,0,0
9,93,0,0.64449996,1.0,0.085,2921.7993,8839.273,0.1730104,0.025951557,0.11072664,0.20069204,29859.475,903.4602,1286.8375,0,0
10,80,1,0.138,0.90300006,0.05867,965.47296,7282.2695,0.19259185,0.049558792,0.11697106,0.14477734,9930.263,286.6099,205.88795,0,1
10,81,0,0.1378,0.90349996,0.06808,962.5134,7048.661,0.18944374,0.04660061,0.11713921,0.15196703,10945.318,295.4773,207.37738,0,0
10,82,0,0.1376,0.90400004,0.08167,892.0924,6533.9126,0.18708815,0.043930855,0.11603477,0.1538535,11502.044,299.58936,227.60718,0,0
10,83,0,0.1374,0.90449995,0.08617,821.3209,5915.665,0.18511628,0.04148837,0.1147907,0.15683721,12363.517,290.58603,259.1825,0,0
10,84,1,0.1372,0.905,0.06317,862.9529,5918.7407,0.18333334,0.04030797,0.11231884,0.15932971,13255.313,294.30252,236.21394,0,0
10,85,0,0.137,0.90550005,0.05983,942.3927,6641.8643,0.18236278,0.04008457,0.109153375,0.16174786,14182.301,294.6965,242.38223,0,0
10,86,0,0.1368,0.90599996,0.05717,1037.1357,7196.186,0.18186493,0.040709633,0.10541653,0.16352417,15022.853,305.63937,250.92062,0,0
10,87,0,0.1366,0.90650004,0.05333,1026.6566,7494.9316,0.18187879,0.040176712,0.10219221,0.1647912,15800.422,314.72452,276.20844,0,0
10,88,1,0.1364,0.90699995,0.04992,1124.1915,7865.017,0.18421908,0.03868032,0.098976105,0.16487892,16668.824,323.85016,269.7341,0,0
10,89,0,0.1362,0.9075,0.05608,1112.32,7715.16,0.1861054,0.03623991,0.09677164,0.164583,18042.764,327.49643,281.82187,0,0
10,90,0,0.136,0.90800005,0.05933,1237.9084,7527.443,0.18869665,0.034986544,0.093886964,0.16278355,18808.488,330.06537,316.23676,0,0
10,91,0,0.1358,0.90849996,0.073,1184.6832,7365.1025,0.19219467,0.034355458,0.09018308,0.1592707,19202.924,391.5392,341.2534,0,0
10,92,1,0.1356,0.90900004,0.081999995,1207.6466,7153.6973,0.19572796,0.03456204,0.08699844,0.15419418,19685.37,392.6352,350.56882,0,0
10,93,0,0.1354,0.90949994,0.07,1206.0458,7144.9893,0.19709043,0.03457855,0.084801525,0.1489144,20710.344,411.78452,358.1176,0,0
11,80,0,0.268,0.62299997,0.064,549.0207,4990.884,0.24363904,0.057660628,0.13399231,0.17023613,8389.497,250.26543,215.99702,0,0
11,81,0,0.2682,0.6257,0.064,548.25793,5081.2856,0.23958334,0.054956898,0.13344109,0.17564656,9287.362,253.41237,218.23175,0,0
11,82,1,0.2684,0.6284,0.07817,477.22125,4727.3804,0.23646016,0.05221239,0.13256638,0.1759292,9883.217,249.92921,222.28809,0,0
11,83,0,0.26860002,0.6311,0.07492,457.03564,4051.3618,0.23376396,0.04975559,0.13163409,0.17702514,10706.428,248.58589,248.46017,0,0
11,84,0,0.2688,0.6338,0.06025,478.74893,4020.9255,0.23016281,0.048671808,0.12990575,0.17840616,11975.583,239.14311,260.73672,0,0
11,85,0,0.269,0.6365,0.06542,508.31793,4612.9463,0.22790542,0.048633236,0.12728493,0.17977528,12864.85,239.81218,250.14568,0,0
11,86,1,0.2692,0.6392,0.05925,589.4659,4882.991,0.22481512,0.049630236,0.123911254,0.18126541,13799.009,246.77074,257.63876,0,0
11,87,0,0.2694,0.6419,0.05475,577.7706,5227.303,0.22293814,0.048969075,0.120650776,0.18234535,14547.679,266.86533,260.4766,0,0
11,88,0,0.2696,0.6446,0.058,674.30334,5737.4287,0.22340088,0.047498416,0.11827105,0.18255225,15487.557,286.85876,285.50256,0,0
11,89,0,0.2698,0.6473,0.05533,738.68353,6362.003,0.22461395,0.04492279,0.116362505,0.18171892,16250.785,281.21976,285.27548,0,0
11,90,1,0.27,0.65,0.0545,752.85803,5979.794,0.22449294,0.043177627,0.11401352,0.18070069,17118.393,275.66074,306.0209,0,0
11,91,0,0.2702,0.65269995,0.05,737.6886,5750.8296,0.22465299,0.041943267,0.11104406,0.17878696,17635.959,342.44116,332.99017,0,0
11,92,0,0.27040002,0.65540004,0.069,730.784,5653.8315,0.22442049,0.041783553,0.10866676,0.17554998,18472.791,371.96222,347.14847,0,0
11,93,0,0.2706,0.65809995,0.058000002,723.1314,5469.828,0.22437473,0.04178112,0.10669365,0.17189533,19203.701,368.28107,366.86844,0,0
12,80,0,0.018,0.79,0.04792,299.37823,7180.4146,0.23419689,0.051813472,0.14715026,0.18652849,10809.411,260.10364,56.55824,0,0
12,81,0,0.0187,0.78650004,0.05317,247.85275,6302.2495,0.23210634,0.049079757,0.14212678,0.19120654,11495.646,265.2352,64.663216,0,0
12,82,1,0.0194,0.78300005,0.06742,255.73439,6328.5713,0.2303823,0.046277665,0.13682093,0.19215292,12004.814,264.48694,77.40286,0,0
12,83,0,0.0201,0.77949995,0.0635,254.59032,5612.3394,0.23000988,0.044422507,0.13228036,0.19249754,12948.294,267.6209,90.84507,0,0
12,84,0,0.0208,0.77599996,0.05708,234.33852,5308.657,0.229572,0.043774318,0.12743191,0.192607,13588.555,266.3424,105.13327,0,0
12,85,0,0.0215,0.7725,0.05625,222.40384,5048.1733,0.22788462,0.04423077,0.12211538,0.19134615,14336.781,268.26923,129.37744,0,0
12,86,1,0.0222,0.769,0.04883,247.5285,5477.7563,0.22338404,0.044676803,0.11977186,0.19011407,15261.18,265.019,137.3077,0,0
12,87,0,0.0229,0.7655,0.03883,266.94757,5632.6777,0.22003746,0.043071162,0.11797752,0.18726592,16088.249,276.6854,144.58174,0,0
12,88,0,0.023599999,0.76199996,0.03083,260.18518,5800.926,0.21851853,0.041666664,0.11481482,0.18518518,17521.795,289.07407,143.4457,0,0
12,89,0,0.024300002,0.7585,0.02475,274.3379,6093.425,0.21735159,0.039269406,0.11232877,0.18356165,19138.66,290.68494,139.81482,0,0
12,90,1,0.025,0.755,0.02783,279.44345,5795.601,0.21633753,0.037701976,0.10951526,0.18043089,20885.387,291.20288,160.0,0,0
12,91,0,0.0257,0.7515,0.027999999,241.76212,5728.6343,0.21674009,0.037004407,0.10572687,0.17797357,21620.053,289.0749,153.32137,0,0
12,92,0,0.026400002,0.748,0.045,259.34256,5873.789,0.21626297,0.037197232,0.10294118,0.1730104,22414.87,293.2526,155.59471,0,0
12,93,0,0.0271,0.7445,0.042,261.17746,6015.7847,0.21757679,0.037542664,0.100682594,0.16808873,23369.504,288.7372,192.21454,0,0
13,80,0,0.003,0.183,0.07925,313.24152,4467.055,0.27118644,0.054025427,0.13029662,0.16419491,8474.252,240.4661,88.96034,0,0
13,81,0,0.003,0.1851,0.07492,282.43243,4234.1997,0.27234927,0.05093555,0.12681912,0.16735968,9103.046,239.3971,86.546616,0,0
13,82,1,0.003,0.1872,0.09942,256.77618,3788.7063,0.2731006,0.049281314,0.123203285,0.16529773,9288.253,241.37578,99.48025,0,0
13,83,0,0.003,0.1893,0.09842,240.4277,3652.9534,0.2718941,0.04786151,0.1191446,0.16496944,10070.965,226.68025,107.18685,0,0
13,84,0,0.003,0.19139999,0.0715,237.63876,3471.0393,0.27144298,0.047426842,0.11503532,0.16347124,10640.81,232.99696,120.87576,0,0
13,85,0,0.003,0.1935,0.07958,237.42455,3713.8833,0.26861167,0.04828974,0.11167002,0.16297787,11107.585,234.00403,126.437935,0,0
13,86,1,0.003,0.19559999,0.08683,225.45454,4036.7676,0.26565656,0.04949495,0.10606061,0.16262627,11553.658,229.19193,136.1167,0,0
13,87,0,0.003,0.19770001,0.080419995,217.05585,3994.1116,0.26294416,0.049746193,0.10253807,0.16142131,12029.434,232.18274,146.26262,0,0
13,88,0,0.003,0.1998,0.05875,237.82962,3787.5251,0.2616633,0.048681542,0.09939148,0.158215,12847.871,233.77283,150.05077,0,0
13,89,0,0.003,0.2019,0.051,259.75854,3750.3018,0.26056337,0.0472837,0.098591544,0.15492958,14327.186,252.61569,180.6288,0,0
13,90,1,0.003,0.204,0.0585,274.0375,3758.0457,0.25962487,0.048371177,0.09772952,0.15103653,15283.645,268.21323,199.19518,0,0
13,91,0,0.003,0.2061,0.061,290.55878,3909.2488,0.2581888,0.049132947,0.09922929,0.14547206,15850.007,254.62427,205.72557,0,0
13,92,0,0.003,0.2082,0.065,281.7073,3718.1987,0.25328332,0.05159475,0.10131332,0.14165103,16674.55,257.5985,216.37764,0,0
13,93,0,0.003,0.21030001,0.061,281.80164,3563.3306,0.25022748,0.051865328,0.10464058,0.13739763,17541.93,244.13101,229.64354,0,0
14,80,0,0.147,0.817,0.08267,491.18753,4750.8623,0.22849391,0.055307604,0.13196814,0.16233483,10888.5205,331.17178,99.68413,0,0
14,81,0,0.1471,0.818,0.08508,444.56,4510.8623,0.2266888,0.0524338,0.13073495,0.1683125,12045.943,326.79367,93.84791,0,0
14,82,1,0.1472,0.819,0.11317,454.82797,4372.844,0.22550993,0.04998687,0.12877528,0.16904491,12534.347,326.70926,122.37176,0,0
14,83,0,0.14729999,0.82,0.11424999,733.00903,4845.7974,0.22447191,0.0479446,0.12621614,0.17100534,13064.734,321.64957,122.11327,0,0
14,84,0,0.14739999,0.821,0.09133001,731.16895,4619.0327,0.22353663,0.04714336,0.12320365,0.17271294,14303.775,322.64282,136.05049,0,0
14,85,0,0.1475,0.82199997,0.09042,714.4737,4650.921,0.22175437,0.047105264,0.11991228,0.17429824,15077.304,314.11404,149.96495,0,0
14,86,1,0.1476,0.823,0.08108,820.7078,4815.237,0.22007553,0.047949415,0.11583385,0.17519979,15896.329,334.40765,163.45615,0,0
14,87,0,0.14770001,0.824,0.07358,809.55145,4697.797,0.21876921,0.047142483,0.1124572,0.17592837,16682.98,329.22482,170.86151,0,0
14,88,0,0.1478,0.825,0.068,821.396,4875.4697,0.21782264,0.045039505,0.11009658,0.176295,17727.742,324.18787,174.26038,0,0
14,89,0,0.1479,0.826,0.05975,864.2507,4897.4844,0.21822962,0.042156003,0.10832603,0.17546013,19070.43,325.6179,185.0834,0,0
14,90,1,0.148,0.82699996,0.06142,965.8049,4959.743,0.21853438,0.040702242,0.10603546,0.17363963,20158.066,326.50012,216.58194,0,0
14,91,0,0.1481,0.828,0.071,1040.8243,5100.8066,0.21978308,0.039913233,0.103080265,0.17127983,20621.078,339.115,240.33539,0,0
14,92,0,0.14819999,0.829,0.075,978.7652,4795.488,0.22070093,0.040299665,0.1002325,0.16765694,21780.627,330.8275,252.62473,0,0
14,93,0,0.14829999,0.83,0.074,959.7333,4658.1943,0.22176626,0.04052321,0.09805933,0.16337523,22534.895,333.91467,272.45328,0,0
15,80,1,0.076,0.677,0.09592,375.8288,4528.579,0.2380692,0.0568306,0.13424408,0.15919854,9219.426,211.00183,95.800766,0,0
15,81,0,0.0762,0.6778,0.10067,340.72992,4187.4453,0.23485401,0.053649634,0.13357665,0.16386862,10093.184,213.54015,114.40802,0,0
15,82,0,0.0764,0.6786,0.11942001,300.73154,4131.1997,0.23244332,0.051024143,0.13222384,0.1634967,10394.202,217.13608,137.93796,0,0
15,83,0,0.0766,0.6794,0.11067,285.26605,3866.514,0.23027523,0.048623852,0.12990826,0.16513762,10915.36,213.17432,151.7008,0,0
15,84,1,0.076799996,0.6802,0.08633,307.45694,3650.7512,0.22737266,0.047819715,0.12623672,0.16672774,12023.189,209.50897,164.6422,0,0
15,85,0,0.077,0.681,0.07875,311.6688,3631.068,0.22476645,0.047810957,0.122549914,0.16834585,12637.56,208.51805,166.04984,0,0
15,86,0,0.077199996,0.6818,0.0675,310.54272,3579.6294,0.22112212,0.048954897,0.11807847,0.16978365,13370.089,213.93474,178.91554,0,0
15,87,0,0.0774,0.6826,0.06367,331.97516,3831.4453,0.21889275,0.048602227,0.1145624,0.16992508,14064.829,216.88287,182.67326,0,0
15,88,1,0.0776,0.6834,0.05317,385.7793,3826.9666,0.21813548,0.04697742,0.112345226,0.16915514,14912.792,219.81062,194.29929,0,0
15,89,0,0.077800006,0.6842,0.04733,411.5677,4083.8523,0.21958725,0.04435192,0.11060825,0.16708906,15971.635,220.03983,205.22578,0,0
15,90,0,0.078,0.685,0.05308,472.82706,4199.6763,0.21972288,0.043188773,0.1092316,0.16429728,16810.39,220.22675,230.72049,0,0
15,91,0,0.078200005,0.6858,0.059,505.60016,4314.785,0.21865524,0.04262529,0.10843589,0.16140538,17273.217,227.05548,240.63344,0,0
15,92,1,0.0784,0.6866,0.065,508.85474,4181.4067,0.21633086,0.042771295,0.1076352,0.15800637,18384.93,236.74443,254.80649,0,0
15,93,0,0.078600004,0.6874,0.053000003,489.0775,3976.0022,0.2142482,0.04288465,0.106774025,0.15490986,19160.754,234.62279,243.74338,0,0
16,80,0,0.0139999995,0.42,0.05717,199.93137,4536.719,0.22820866,0.055593684,0.13315031,0.15408374,9352.456,193.1709,77.53772,0,0
16,81,0,0.0143,0.42200002,0.06942,203.4044,4495.289,0.22627236,0.051925723,0.1323934,0.15887208,10616.348,192.29712,85.07207,0,0
16,82,1,0.0146,0.42400002,0.0855,173.75346,3987.1194,0.22541551,0.049168974,0.13054018,0.15824099,10791.934,204.08588,91.81568,0,0
16,83,0,0.0149,0.426,0.08116999,183.28108,3782.2014,0.22396378,0.04702194,0.12783003,0.1595263,11008.688,199.51236,97.95706,0,0
16,84,0,0.0152,0.428,0.07025,202.20355,3665.0928,0.22245541,0.046169993,0.123819515,0.16054565,12048.761,198.53096,98.014626,0,0
16,85,0,0.0155,0.43,0.0795,215.7597,3802.3674,0.2204947,0.046289753,0.118727915,0.16183746,12575.067,198.55124,99.19552,0,0
16,86,1,0.015800001,0.432,0.07033,240.07881,3998.3167,0.21776505,0.04691977,0.11353868,0.16224928,13210.631,203.79655,94.947,0,0
16,87,0,0.0161,0.43400002,0.05525,236.8269,4003.6504,0.21575715,0.045536682,0.10914347,0.1615468,13937.441,204.57175,99.46275,0,0
16,88,0,0.0164,0.436,0.04483,262.96967,3910.9104,0.21567918,0.0433526,0.10657515,0.16004336,14335.593,203.43208,103.03578,0,0
16,89,0,0.0167,0.438,0.043,272.93396,3910.1047,0.21797186,0.041140385,0.10429448,0.15698305,15645.072,209.47311,109.60983,0,0
16,90,1,0.017,0.44,0.042,299.42426,3798.129,0.21878374,0.040662106,0.10219503,0.15329255,16687.523,215.11336,129.33958,0,0
16,91,0,0.0173,0.442,0.046,303.83514,3837.5984,0.218638,0.04121864,0.10107527,0.14982079,17101.812,213.29749,142.74919,0,0
16,92,0,0.0176,0.444,0.046,278.8441,3691.0095,0.21905102,0.042811275,0.09989297,0.14591509,18178.043,215.23369,148.5663,0,0
16,93,0,0.0179,0.44599998,0.04,325.47974,3520.9668,0.21712863,0.043710023,0.09914712,0.14285713,18324.033,216.52454,161.18445,0,0
17,80,0,0.053000003,0.488,0.04483,387.81726,4970.051,0.22208123,0.05245347,0.13832487,0.15862945,9855.013,239.59392,97.405365,0,0
17,81,0,0.0535,0.493,0.04192,368.80502,5026.415,0.22222221,0.04863732,0.13668764,0.16519916,11032.994,241.13206,105.499146,0,0
17,82,1,0.054,0.498,0.06258,336.85962,4629.5713,0.22324032,0.045397747,0.13369429,0.16659725,11761.106,247.77176,116.14256,0,0
17,83,0,0.0545,0.503,0.06058,327.7732,4218.8745,0.22392383,0.043046355,0.12996688,0.16887417,12190.767,243.54306,128.19658,0,0
17,84,0,0.055,0.508,0.05267,336.09735,4028.3005,0.22318481,0.04249175,0.12458746,0.17120463,13116.148,242.8218,153.35266,0,0
17,85,0,0.0555,0.513,0.050080005,359.1265,4057.437,0.22373301,0.042851258,0.11907706,0.17346518,13850.48,244.70538,175.0825,0,0
17,86,1,0.055999998,0.518,0.054330003,373.0374,4505.0146,0.2219482,0.043978628,0.1134402,0.17509249,14471.867,249.81503,194.97322,0,0
17,87,0,0.056500003,0.523,0.04967,365.31696,4600.7363,0.22372189,0.042944785,0.10920245,0.17464213,15021.07,257.3415,219.68762,0,0
17,88,0,0.056999996,0.528,0.0475,368.9277,4560.52,0.22461414,0.041429736,0.10641755,0.17343622,15750.577,264.25668,236.44171,0,0
17,89,0,0.0575,0.533,0.04058,407.31906,4656.126,0.2276587,0.03962798,0.10473109,0.16983421,16398.412,270.56207,236.27133,0,0
17,90,1,0.058000002,0.538,0.04383,447.29837,4740.766,0.22862904,0.03951613,0.10282258,0.1657258,17646.227,277.25806,227.0926,0,0
17,91,0,0.0585,0.543,0.044,500.40146,5042.794,0.22922522,0.040144518,0.10076275,0.16138098,18255.975,294.13892,232.8629,0,0
17,92,0,0.059,0.548,0.042,512.4453,4824.4136,0.22823061,0.041351892,0.09940358,0.15666004,19220.95,311.5706,236.9731,0,0
17,93,0,0.059499998,0.553,0.05,496.4046,4478.862,0.22797313,0.042275783,0.098775186,0.1521138,19871.756,319.7155,239.68192,0,0
18,80,0,0.071,0.458,0.08,265.2554,3150.1775,0.23873259,0.057088226,0.13438952,0.16006556,8059.848,198.63426,101.34542,0,0
18,81,0,0.071,0.4587,0.08382999,288.8011,3234.0598,0.23596731,0.053950954,0.13378747,0.16457766,8928.812,186.34877,98.00601,0,0
18,82,0,0.071,0.4594,0.10617,313.60306,3239.316,0.23377682,0.051045343,0.13250068,0.16426827,9372.256,188.70486,108.801094,0,0
18,83,1,0.071,0.4601,0.11667,323.95776,3129.4531,0.2311857,0.048727665,0.13075258,0.16540337,9562.776,192.77206,109.448814,0,0
18,84,0,0.071,0.46080002,0.09333,279.89175,2701.0283,0.22976996,0.04790257,0.12719892,0.16617051,10558.536,193.26115,129.20953,0,0
18,85,0,0.071,0.46150002,0.09475,308.092,2663.816,0.22679296,0.048173208,0.12368065,0.16752368,10979.205,199.4858,149.63463,0,0
18,86,0,0.071,0.46220002,0.09292,338.0423,2787.6897,0.22288504,0.04934924,0.11903471,0.16838394,11481.129,200.86768,156.2111,0,0
18,87,1,0.071,0.4629,0.08775,341.81372,2967.2551,0.21938637,0.049144723,0.11539506,0.16888407,12017.442,198.77817,167.4078,0,0
18,88,0,0.071,0.4636,0.07892,333.80435,2835.924,0.21684782,0.047826085,0.1125,0.16875,12752.837,196.57608,174.776,0,0
18,89,0,0.071,0.4643,0.06217,361.7623,3000.4895,0.21593691,0.045145497,0.1104161,0.16752788,13757.353,196.00217,193.45108,0,0
18,90,0,0.071,0.465,0.058330003,389.75888,2904.5789,0.21538877,0.044161472,0.108642645,0.16499594,14753.146,194.52724,225.42834,0,0
18,91,1,0.071,0.4657,0.074,437.7389,2918.7078,0.2142665,0.043606997,0.1076716,0.16204576,15441.457,203.95694,244.45949,0,0
18,92,0,0.071,0.4664,0.069,535.61536,2788.8118,0.21283965,0.044219498,0.10708577,0.1584976,16435.154,234.4699,263.7685,0,0
18,93,0,0.071,0.4671,0.062,462.65506,2797.0176,0.21166535,0.0446028,0.10662444,0.15492214,16953.613,235.89337,276.07886,0,0
19,80,0,0.294,0.688,0.06758,663.95624,4781.4077,0.25677603,0.05967665,0.14146458,0.16191156,8714.842,247.52734,184.0986,0,0
19,81,0,0.29540002,0.6887,0.08408,641.55963,4653.1636,0.25426105,0.057202898,0.14078917,0.16763951,9862.815,248.65749,211.34096,0,0
19,82,0,0.29680002,0.6894,0.1035,670.45715,4651.7114,0.25246957,0.054674935,0.13944407,0.16838962,10346.203,272.5247,219.82256,0,0
19,83,1,0.2982,0.6901,0.11767,647.19,4428.5776,0.25187713,0.052332196,0.1367463,0.1701934,10611.885,261.0694,251.09119,0,0
19,84,0,0.2996,0.6908,0.10042,687.52277,4494.9546,0.25136364,0.051136363,0.13295455,0.17136364,11224.078,289.8409,291.5131,0,0
19,85,0,0.301,0.6915,0.11507999,705.7169,4949.9775,0.2511343,0.0508167,0.1284029,0.17241378,11635.149,287.5,310.43182,0,0
19,86,0,0.3024,0.6922,0.131,774.40436,5433.265,0.249376,0.051282052,0.123213075,0.17245291,11604.374,292.33038,315.1089,0,0
19,87,1,0.3038,0.6929,0.12008,711.6943,5319.7515,0.24907918,0.05041437,0.11878453,0.17173113,11743.883,301.9337,324.48376,0,0
19,88,0,0.3052,0.6936,0.10917,739.35645,5197.319,0.2494754,0.048729304,0.11541152,0.17020285,12569.583,311.23804,353.93646,0,0
19,89,0,0.3066,0.6943,0.07942,805.47845,5625.088,0.24853045,0.04655537,0.11262638,0.16835174,13253.986,308.71152,378.68967,0,0
19,90,0,0.308,0.695,0.0625,897.3728,5581.586,0.24639054,0.04544379,0.11029586,0.16615385,14255.157,305.56213,405.76062,0,0
19,91,1,0.3094,0.6957,0.071,952.8276,5483.789,0.24434496,0.04524034,0.10909519,0.16399623,15066.873,291.4703,440.213,0,0
19,92,0,0.3108,0.6964,0.081,986.42206,5572.283,0.24304745,0.046038795,0.107735455,0.16078524,15852.081,235.8495,471.32422,0,0
19,93,0,0.31219998,0.6971,0.074,1061.6997,5784.889,0.24260768,0.0467986,0.1064028,0.15715949,16589.438,370.2212,488.33838,0,0
20,80,0,0.003,0.36,0.07692,193.15555,4169.244,0.22844444,0.05688889,0.12533334,0.15911111,8236.611,193.42223,57.07925,0,0
20,81,0,0.0031,0.35990003,0.07283,195.41042,4044.1306,0.22418357,0.054721974,0.1262136,0.1632833,9053.549,188.3495,59.644444,0,0
20,82,1,0.0032,0.35979998,0.08525,162.44504,3683.7292,0.22163588,0.05189094,0.12576957,0.16182938,9650.975,212.40106,71.13857,0,0
20,83,0,0.0033000002,0.35970002,0.08958,159.73799,3524.629,0.21921398,0.04978166,0.12401747,0.16244541,10372.285,196.24454,78.45207,0,0
20,84,0,0.0034,0.35959998,0.06192,158.47751,3368.858,0.21626297,0.048442908,0.121107265,0.16262975,11383.25,209.6886,75.1965,0,0
20,85,0,0.0034999999,0.35950002,0.05425,167.66982,3507.2227,0.2149613,0.04815133,0.11865864,0.16423044,12182.862,218.05675,73.2699,0,0
20,86,1,0.0036000002,0.35939997,0.05375,147.52136,3325.5554,0.21111111,0.04786325,0.114529915,0.16581196,13261.677,223.50429,105.50301,0,0
20,87,0,0.0037,0.35930002,0.04467,152.40506,3385.8228,0.2101266,0.047257386,0.109704636,0.1670886,14266.896,233.29115,106.15385,0,0
20,88,0,0.0038,0.35919997,0.03692,157.64119,3425.9968,0.20930234,0.0448505,0.10714286,0.16777408,15354.216,242.02657,104.47258,0,0
20,89,0,0.0039,0.35909998,0.04067,137.37704,3452.1313,0.20983607,0.042622954,0.10409836,0.16803278,16466.23,240.36884,100.83057,0,0
20,90,1,0.004,0.35900003,0.052,143.00812,3548.5366,0.21138212,0.040650405,0.10081301,0.16666666,17057.408,239.9187,117.37705,0,0
20,91,0,0.0041,0.35889998,0.075,131.95793,3632.6863,0.20711973,0.039644014,0.10032362,0.16343042,17331.22,198.38188,120.32521,0,0
20,92,0,0.0042,0.35880002,0.071,130.74434,3389.9678,0.20711973,0.040453076,0.0987055,0.157767,18171.709,208.98059,126.05178,0,0
20,93,0,0.0043,0.35869998,0.079,125.746574,3028.168,0.20742534,0.040355124,0.09765941,0.15254237,18781.744,213.15578,120.71197,0,0
21,80,0,0.22700001,0.93,0.06475,847.4033,5743.7515,0.2184017,0.058335308,0.13089874,0.1721603,10848.282,306.35522,187.54474,0,0
21,81,0,0.2292,0.92980003,0.07242,886.9076,5669.2866,0.21281087,0.05584233,0.1304552,0.17761613,11991.829,292.39792,183.32938,0,0
21,82,1,0.2314,0.9296,0.08442,846.4627,5140.649,0.20919916,0.053233713,0.12934858,0.17721224,12789.058,295.07355,209.1037,0,0
21,83,0,0.2336,0.9294,0.06917,805.3791,4540.4126,0.20635289,0.05054486,0.12868074,0.17876188,13738.193,293.85577,257.57648,0,0
21,84,0,0.2358,0.9292,0.054,789.34705,4406.0713,0.20389462,0.04879725,0.1264605,0.18029784,15139.675,286.34595,277.74173,0,0
21,85,0,0.23799999,0.929,0.046,830.6141,4516.61,0.20190346,0.047586676,0.12395196,0.18196237,16325.231,288.19397,285.0401,0,0
21,86,1,0.2402,0.9288,0.04467,828.5491,4743.2803,0.20013373,0.047024738,0.12101627,0.18341877,17431.027,289.90417,278.78995,0,0
21,87,0,0.24239999,0.9286,0.0425,762.5931,4677.814,0.20017521,0.045116078,0.117827415,0.18506351,18508.705,288.64435,279.89746,0,0
21,88,0,0.2446,0.9284,0.04458,804.3367,4883.1475,0.20287678,0.04207815,0.11399742,0.18634607,19705.78,286.62518,282.7858,0,0
21,89,0,0.2468,0.9282,0.03683,849.4183,4674.318,0.20562725,0.03850222,0.11000634,0.18764544,21106.113,293.56885,291.3697,0,0
21,90,1,0.249,0.92800003,0.04658,915.7983,4894.581,0.20821175,0.03647353,0.10546061,0.18757816,22089.459,300.1876,325.3226,0,0
21,91,0,0.25120002,0.9278,0.059,955.5624,5249.825,0.2111865,0.03557475,0.0999383,0.18527658,22485.512,342.09335,348.77032,0,0
21,92,0,0.2534,0.9276,0.066,998.2713,5214.9277,0.21293472,0.035794184,0.09497662,0.18120806,23200.115,326.21518,366.5227,0,0
21,93,0,0.2556,0.9274,0.062,997.78455,5108.701,0.21389729,0.03605237,0.09123867,0.17643505,23919.236,330.83585,382.50967,0,0
22,80,0,0.039,0.91199994,0.05625,600.3835,5469.5312,0.20446226,0.05525536,0.13665679,0.16315147,10669.324,298.37894,50.13942,0,0
22,81,0,0.0401,0.91120005,0.06358,628.75714,5207.627,0.1984746,0.05304212,0.13763218,0.16987346,11804.296,288.29953,54.906742,0,0
22,82,1,0.041199997,0.91040003,0.07908,572.3618,4940.9116,0.19407381,0.0507711,0.13741119,0.17085427,12750.539,270.45572,65.713295,0,0
22,83,0,0.0423,0.9096,0.06883,573.61615,4409.5015,0.19089499,0.048629075,0.13657527,0.17382307,13777.832,274.75427,73.43615,0,0
22,84,0,0.0434,0.90879995,0.04758,519.8082,4034.84,0.1874679,0.047252182,0.13456601,0.17736688,15326.651,276.16846,75.39231,0,0
22,85,0,0.044499997,0.90800005,0.0395,532.80054,4177.266,0.18500255,0.046250638,0.13195035,0.18058152,16424.467,276.19452,81.11625,0,0
22,86,1,0.0456,0.90720004,0.03842,550.16095,4116.3647,0.18363544,0.045739457,0.12823988,0.18346603,17796.812,284.7535,87.74018,0,0
22,87,0,0.0467,0.90639997,0.03225,557.03455,4112.9736,0.18399327,0.04380792,0.12502106,0.18500422,19069.63,297.25357,93.139084,0,0
22,88,0,0.0478,0.90559995,0.03267,608.2943,4291.622,0.18461539,0.04063545,0.12357859,0.18545151,20790.422,308.9465,103.01601,0,0
22,89,0,0.048899997,0.90480006,0.03975,663.54114,4385.37,0.18769743,0.03740648,0.12136326,0.18437241,21690.174,303.49957,113.01004,0,0
22,90,1,0.05,0.90400004,0.05983,736.8596,4564.904,0.19095142,0.035595477,0.11776447,0.18230206,22270.46,300.0,127.098915,0,0
22,91,0,0.0511,0.9032,0.09,736.2469,4586.9893,0.19332777,0.034195162,0.111593,0.18098415,22797.838,263.33612,140.45244,0,0
22,92,0,0.052199997,0.90239996,0.085,779.693,4227.332,0.19589521,0.034039713,0.10562322,0.17804104,23623.914,276.23895,161.0342,0,0
22,93,0,0.0533,0.90160006,0.069,804.9401,4089.0054,0.19793744,0.033932135,0.10013307,0.17514971,24475.65,281.35394,177.24011,0,0
23,80,0,0.129,0.808,0.12425,637.1626,6014.3706,0.23904125,0.058086805,0.13582379,0.16357158,10146.542,244.01859,161.90373,0,0
23,81,0,0.13,0.80730003,0.123,641.3074,6206.776,0.23672494,0.055597786,0.13378216,0.1684222,10901.077,227.90749,163.29086,0,0
23,82,1,0.131,0.80660003,0.15458,656.12726,6123.9165,0.23357104,0.053208996,0.13154142,0.16862315,11177.405,233.52716,164.58899,0,0
23,83,0,0.132,0.8059,0.14183,718.3135,5774.204,0.23099028,0.051282052,0.12853669,0.17009284,11939.264,226.66888,163.60944,0,0
23,84,0,0.133,0.8052,0.11191999,762.28314,5812.565,0.22742844,0.05050282,0.1252072,0.17173168,13187.636,233.3407,160.36693,0,0
23,85,0,0.134,0.8045,0.0995,735.0595,5639.621,0.22421771,0.05046276,0.121970035,0.17320406,14225.428,240.50243,161.388,0,0
23,86,1,0.135,0.8038,0.08775,805.40094,5698.149,0.22020157,0.051051706,0.11842682,0.1741893,15105.886,253.37424,195.62582,0,0
23,87,0,0.136,0.8031,0.08167,781.2344,5684.7065,0.21867856,0.049853053,0.11538043,0.17426798,15609.417,250.3592,227.2349,0,0
23,88,0,0.137,0.8024,0.076,748.31854,5390.182,0.21913646,0.04751573,0.11282274,0.17335647,16504.879,248.1341,259.92163,0,0
23,89,0,0.138,0.8017,0.071,710.6885,5270.5283,0.2210094,0.04420188,0.11045067,0.17162001,17546.635,243.71555,299.54437,0,0
23,90,1,0.139,0.801,0.07525,789.0452,5195.618,0.22263989,0.04263774,0.10804425,0.16851036,18237.39,238.73914,341.93234,0,0
23,91,0,0.14,0.8003,0.092,802.4747,5330.9976,0.22282667,0.041706666,0.106133334,0.16522667,18692.666,265.68533,368.02707,0,0
23,92,0,0.141,0.7996,0.088,770.3201,4842.0605,0.22302312,0.04186983,0.103879586,0.16090736,19680.443,263.72696,388.512,0,0
23,93,0,0.142,0.7989,0.07,791.5278,4660.9727,0.22230428,0.042097487,0.10202575,0.15688963,20540.914,262.76642,414.59613,0,0
24,80,0,0.012999999,0.643,0.05908,226.93817,4555.1523,0.22988224,0.057654563,0.13689892,0.16609421,10004.345,194.55348,51.703705,0,0
24,81,0,0.0139,0.6464,0.05533,227.23735,4484.1196,0.22714008,0.053501945,0.13618678,0.17242219,10932.138,194.64981,49.092247,0,0
24,82,1,0.0148,0.64980006,0.0785,219.36577,4237.4243,0.2268216,0.050351005,0.13362382,0.17332365,11549.936,186.49237,47.811283,0,0
24,83,0,0.015700001,0.6532,0.081999995,190.99251,3846.1243,0.22627383,0.047814537,0.1301618,0.17556147,12057.886,189.68848,50.37521,0,0
24,84,0,0.0166,0.65660006,0.0635,211.68831,3633.526,0.22414623,0.046897545,0.12602213,0.17772968,13575.993,191.2939,51.02632,0,0
24,85,0,0.0175,0.66,0.05983,256.95508,3886.1614,0.22275335,0.046606116,0.12117591,0.17997131,14315.465,188.74283,52.1164,0,0
24,86,1,0.0184,0.66339993,0.05342,285.16052,4086.3735,0.22092746,0.04684899,0.11581451,0.18192627,15124.411,193.57907,55.999046,0,0
24,87,0,0.019299999,0.6668,0.053830005,286.1393,4341.6294,0.22101533,0.045100354,0.11121606,0.18229043,15965.066,199.97638,58.549343,0,0
24,88,0,0.0202,0.6702,0.04042,290.73557,4034.0317,0.22276537,0.04236499,0.1075419,0.1820298,16507.018,204.79517,60.11806,0,0
24,89,0,0.0211,0.6736,0.04358,289.28076,4109.0825,0.22568005,0.03964961,0.104426004,0.18049793,17843.516,207.11157,65.153625,0,0
24,90,1,0.022,0.677,0.048250005,305.4048,4223.147,0.22827822,0.03922463,0.100798175,0.17719498,18788.615,209.1448,71.530655,0,0
24,91,0,0.0229,0.6804,0.051,316.44827,4185.902,0.22910076,0.03931315,0.09760506,0.17329416,19287.732,209.85089,72.428734,0,0
24,92,0,0.0238,0.6838,0.051,338.9436,4264.1,0.22918531,0.040510297,0.09489704,0.16830797,20513.436,207.923,78.44555,0,0
24,93,0,0.0247,0.6872,0.051,327.16406,4059.0435,0.23024131,0.041620545,0.09298206,0.16227585,21018.725,207.01793,85.541626,0,0
25,80,0,0.352,0.284,0.0745,340.65848,3063.6255,0.2618009,0.06108687,0.13447045,0.14676715,6883.167,198.691,136.61746,0,0
25,81,0,0.3524,0.2857,0.08308001,303.5053,3221.3079,0.25915715,0.057896808,0.13627413,0.15045294,7661.1313,190.1536,150.45616,0,0
25,82,0,0.35279998,0.2874,0.10983,293.8991,3270.3167,0.2577239,0.055142745,0.136097,0.15017599,8018.4155,202.22917,176.99883,0,0
25,83,1,0.3532,0.2891,0.12583,282.51556,2949.377,0.25700936,0.052570093,0.13551402,0.15070093,8327.744,199.1433,209.58154,0,0
25,84,0,0.3536,0.2908,0.10792,284.17377,2799.418,0.25562453,0.05197828,0.13304888,0.15205586,9054.6875,197.05197,213.43457,0,0
25,85,0,0.354,0.2925,0.10292001,273.53168,3023.7249,0.2546368,0.05293663,0.12905718,0.1534003,9450.881,194.01082,231.73003,0,0
25,86,0,0.35439998,0.2942,0.11675,277.40942,3107.633,0.25096378,0.0539707,0.12451812,0.15535852,9847.969,205.89824,239.87634,0,0
25,87,1,0.3548,0.2959,0.1015,273.50327,3212.9006,0.24758595,0.053688683,0.1208961,0.1568173,10445.25,211.60678,252.92982,0,0
25,88,0,0.3552,0.2976,0.08408,331.16278,3327.1316,0.24496125,0.052325584,0.11821706,0.15736434,11183.731,217.67442,259.52106,0,0
25,89,0,0.3556,0.29930001,0.078,316.8609,3262.6262,0.24320124,0.04972805,0.116161615,0.15695415,11915.897,220.24088,281.0465,0,0
25,90,0,0.35599998,0.301,0.07442,339.85254,3523.5933,0.24214202,0.048894063,0.11447419,0.1548312,12571.9,222.04114,299.1453,0,0
25,91,1,0.35639998,0.3027,0.086,389.0818,3831.6743,0.24035494,0.048225306,0.11496914,0.15162037,13210.981,198.18674,313.6981,0,0
25,92,0,0.3568,0.3044,0.081,411.587,3869.2544,0.2374761,0.048565965,0.115487576,0.14837475,14051.254,170.17209,334.9537,0,0
25,93,0,0.35720003,0.3061,0.063,433.863,3984.4116,0.23798713,0.048808172,0.11539917,0.14528944,14706.298,205.06999,333.38434,0,0
26,80,1,0.105,0.65599996,0.07225,552.7151,4863.026,0.22208664,0.05511491,0.12934716,0.15314215,9268.149,288.99738,107.471504,0,0
26,81,0,0.10520001,0.65660006,0.07675,540.85565,4817.011,0.22080292,0.051500406,0.12935929,0.15855637,10319.933,282.07623,116.453125,0,0
26,82,0,0.105399996,0.65720004,0.09242,508.78473,4461.1074,0.2201258,0.048488535,0.12781496,0.15905863,10871.899,274.84277,131.56934,0,0
26,83,0,0.10560001,0.65779996,0.099,479.733,4073.9888,0.21864887,0.04591424,0.12560679,0.16100323,11523.798,278.94418,151.04483,0,0
26,84,1,0.1058,0.65839994,0.07208,463.73868,3861.7688,0.21829146,0.04522613,0.122211054,0.16301508,12665.636,265.86935,163.89563,0,0
26,85,0,0.106000006,0.65900004,0.06433,506.41998,3884.94,0.2174,0.0454,0.118,0.16520001,13540.2,260.86,176.2814,0,0
26,86,0,0.1062,0.6596,0.06092,583.5158,4110.3525,0.2156082,0.04618754,0.11307983,0.16742983,14261.517,264.8019,195.92,0,0
26,87,0,0.106400006,0.66019994,0.06333,549.5748,4200.712,0.21494956,0.045679256,0.10876014,0.16887483,14878.421,270.2986,205.23592,0,0
26,88,1,0.1066,0.66080004,0.056999996,558.6974,4340.378,0.21546635,0.043880362,0.105667055,0.16922472,15571.353,276.21017,224.57979,0,0
26,89,0,0.106800005,0.6614,0.05475,640.38464,4550.1177,0.21644427,0.041208792,0.10341444,0.16817112,16551.73,277.83557,239.59071,0,0
26,90,0,0.107,0.66199994,0.05733,714.18536,4398.478,0.21775609,0.040390242,0.10107317,0.1654634,17413.754,278.63416,273.17505,0,0
26,91,0,0.107200004,0.66260004,0.066,763.3437,4654.422,0.219744,0.040341347,0.098913886,0.16194725,18106.646,257.13733,291.57074,0,0
26,92,1,0.1074,0.6632,0.056999996,740.6665,4358.428,0.21903294,0.041032556,0.09747641,0.15777306,18963.814,268.3298,308.3204,0,0
26,93,0,0.1076,0.6638,0.064,744.4211,4350.993,0.21876194,0.041650742,0.09648453,0.15322888,19558.443,271.03552,311.82816,0,0
27,80,1,0.002,0.24,0.062080003,221.09274,4768.869,0.23761117,0.05717916,0.1321474,0.16899619,8748.783,247.6493,90.47014,0,0
27,81,0,0.0021,0.2399,0.07008,252.07549,4747.9243,0.2389937,0.05283019,0.12955974,0.17232704,9786.503,244.27673,93.77383,0,0
27,82,0,0.0022,0.23979999,0.08633,224.00499,4093.0347,0.24004975,0.049751244,0.12562189,0.17039801,10167.172,235.94527,104.15094,0,0
27,83,0,0.0023,0.23969999,0.08875,213.39066,4448.157,0.23955774,0.046683043,0.121621616,0.17076166,10625.672,236.2408,113.68159,0,0
27,84,1,0.0023999999,0.23959999,0.07433,238.48965,4431.181,0.2411693,0.04628502,0.115712546,0.16930573,11051.873,228.38,110.68796,0,0
27,85,0,0.0025,0.2395,0.0765,209.48906,4361.922,0.24209246,0.047445253,0.10948905,0.1678832,11265.877,239.53772,117.417786,0,0
27,86,0,0.0026,0.2394,0.08116999,158.3538,4348.034,0.23955774,0.049140047,0.1031941,0.16584766,12008.81,235.62653,137.34793,0,0
27,87,0,0.0027,0.2393,0.07433,151.92548,4470.3105,0.23850931,0.04720497,0.09813664,0.16397516,12487.796,230.86955,136.48648,0,0
27,88,1,0.0028,0.2392,0.0675,123.62501,4164.75,0.2375,0.04625,0.09375,0.16,12836.836,224.875,149.9379,0,0
27,89,0,0.0029,0.2391,0.05942,116.87501,3910.625,0.2375,0.04375,0.09,0.1575,14145.72,227.62498,159.0,0,0
27,90,0,0.003,0.239,0.05742,158.92635,4332.3345,0.23470661,0.043695383,0.0886392,0.15230961,14718.79,230.0874,166.0,0,0
27,91,0,0.0031,0.23889999,0.069,140.02478,3512.6392,0.23172243,0.044609666,0.08921933,0.14745973,15803.088,246.09666,177.90263,0,0
27,92,1,0.0032,0.23879999,0.067,170.3163,4436.983,0.22871046,0.045012165,0.091240875,0.14111923,16386.234,266.42337,183.14746,0,0
27,93,0,0.0033000002,0.2387,0.06,177.47319,4612.5146,0.23003577,0.046483908,0.092967816,0.13468415,17421.904,245.64958,188.32117,0,0
28,80,0,0.031,0.45099998,0.0405,223.69427,4064.8408,0.23057325,0.05414013,0.1343949,0.15859872,9006.237,217.00638,76.13274,0,0
28,81,0,0.0315,0.45439997,0.04133,181.19063,3988.4106,0.22925903,0.050664976,0.13236225,0.1652945,10360.298,219.25269,89.29936,0,0
28,82,1,0.032,0.4578,0.06083,230.1517,3730.6575,0.2300885,0.047408342,0.13021491,0.16561316,10837.056,222.06068,93.540215,0,0
28,83,0,0.0325,0.4612,0.05692,219.50757,3599.2424,0.22979797,0.044823233,0.12689394,0.16729797,11224.5205,223.35858,100.12642,0,0
28,84,0,0.033,0.4646,0.044,228.25677,3305.601,0.2297042,0.04405286,0.12208936,0.16865954,12315.951,225.48773,97.91667,0,0
28,85,0,0.0335,0.468,0.05467,241.07256,3502.4604,0.229653,0.04479495,0.116719246,0.16971609,13038.445,229.52681,98.61548,0,0
28,86,1,0.034,0.4714,0.0505,266.58197,3647.9033,0.22871664,0.045743328,0.111181706,0.17026684,13567.385,228.52605,109.33755,0,0
28,87,0,0.0345,0.4748,0.04933,255.52011,3947.224,0.22782387,0.04530951,0.10657307,0.16975111,14106.284,232.70581,124.14231,0,0
28,88,0,0.035,0.4782,0.0355,278.4214,3940.6746,0.22851686,0.04392107,0.10311903,0.16804582,15218.307,235.26416,125.27121,0,0
28,89,0,0.0355,0.4816,0.03092,285.90475,3899.2383,0.23047619,0.041904762,0.100317456,0.16507937,16048.246,233.26984,131.50859,0,0
28,90,1,0.036,0.485,0.02142,329.47504,3876.6602,0.23086655,0.04174573,0.09867172,0.16192284,17374.893,230.99303,144.63493,0,0
28,91,0,0.0365,0.4884,0.027,335.22012,4027.107,0.23144653,0.042138368,0.0981132,0.15786164,18050.2,247.98741,144.59204,0,0
28,92,0,0.037,0.4918,0.03,349.65646,3987.8826,0.23110555,0.043098062,0.097439095,0.15302935,19222.164,236.22737,151.32076,0,0
28,93,0,0.0375,0.4952,0.025999999,339.14124,3777.9712,0.22899812,0.04355943,0.09769757,0.14810206,19759.72,247.79091,152.09244,0,0
29,80,0,0.064,0.82,0.06258,913.0,7944.5,0.21625,0.0525,0.13125,0.18125,11702.263,397.625,204.70589,0,0
29,81,0,0.0642,0.82089996,0.0715,893.2783,7668.2783,0.2158019,0.049528304,0.1273585,0.1898585,12549.413,373.5849,229.875,0,0
29,82,1,0.0644,0.8218,0.10133,804.5351,7087.5283,0.21655329,0.04648526,0.123582765,0.19160998,12684.262,366.09976,249.52832,0,0
29,83,0,0.0646,0.82269996,0.09883001,647.2284,5972.3945,0.21507761,0.0443459,0.11973392,0.19401331,13181.807,347.8936,312.13153,0,0
29,84,0,0.0648,0.8236,0.078,619.02704,5842.7026,0.21081081,0.04324324,0.11567568,0.19675677,14176.666,326.70273,353.4368,0,0
29,85,0,0.065,0.82449996,0.07925,656.572,5814.301,0.20925343,0.04206099,0.11251314,0.19663511,15150.726,317.13986,377.0811,0,0
29,86,1,0.0652,0.8254,0.06025,705.70844,5468.6035,0.20693171,0.042813454,0.110091746,0.19571865,16030.892,327.21713,396.52997,0,0
29,87,0,0.0654,0.82629997,0.063,684.8485,5586.901,0.2062561,0.042033233,0.10752688,0.1935484,16842.654,322.043,463.9144,0,0
29,88,0,0.0656,0.8272,0.0515,769.76746,5593.3022,0.20930234,0.04,0.10418605,0.1916279,17910.014,314.32556,433.4311,0,0
29,89,0,0.065799996,0.82809997,0.04992,610.99384,5517.326,0.20932278,0.03693931,0.102902375,0.1882146,19376.576,321.50394,454.04648,0,0
29,90,1,0.066,0.829,0.04958,592.4528,5385.726,0.21328959,0.036095157,0.09926169,0.18539788,20247.855,322.55948,449.60422,0,0
29,91,0,0.066199996,0.82989997,0.055,674.92236,5604.27,0.2173913,0.035714284,0.0939441,0.18633541,20772.9,309.47205,436.58737,0,0
29,92,0,0.0664,0.8308,0.066,692.14075,5469.8354,0.21781437,0.03517964,0.089071855,0.18562874,21863.725,319.61078,452.09628,0,0
29,93,0,0.066599995,0.83169997,0.072,875.23395,5304.896,0.21814255,0.035277177,0.08639309,0.18430525,22745.225,341.1807,452.76947,0,0
30,80,1,0.004,0.555,0.046829995,179.47882,4490.5537,0.22584148,0.055374593,0.13137893,0.17046688,9837.78,219.97829,34.763477,0,0
30,81,0,0.0042,0.5556,0.05017,146.74493,4165.8486,0.21985058,0.053361792,0.13020277,0.17609392,10921.714,224.54643,35.39631,0,0
30,82,1,0.0044,0.55619997,0.0745,125.21097,3716.1392,0.21729958,0.05063291,0.12974684,0.17510548,11701.755,242.82701,42.475986,0,0
30,83,0,0.0046,0.5568,0.05417,125.26096,3234.5513,0.21294363,0.0480167,0.12839249,0.17640918,12878.776,228.81003,46.94093,0,0
30,84,1,0.0047999998,0.5574,0.04225,133.87923,3003.787,0.209826,0.047082905,0.12589559,0.17809622,14356.595,233.98158,50.0,0,0
30,85,0,0.005,0.55799997,0.03917,140.92278,3114.2427,0.20661986,0.046138417,0.12236711,0.18154463,15700.683,229.38817,59.46776,0,0
30,86,1,0.0052,0.5586,0.02842,139.80487,3196.7803,0.20487805,0.04585366,0.11804878,0.18439025,17063.135,247.31708,68.505516,0,0
30,87,0,0.0054,0.5592,0.0255,150.0,3231.309,0.20493358,0.044592034,0.113851994,0.18690702,18046.027,261.52753,76.29268,0,0
30,88,1,0.0056,0.55979997,0.02508,149.76917,3227.2393,0.20775624,0.04247461,0.11172669,0.18651894,19287.246,274.97693,82.258064,0,0
30,89,0,0.0058,0.5604,0.03433,168.77827,3433.9368,0.21085973,0.03891403,0.109502256,0.18552037,19968.207,273.84616,94.09049,0,0
30,90,1,0.006,0.561,0.05708,131.55997,3514.5176,0.21370603,0.037871957,0.10550045,0.18304779,20280.025,277.18665,105.52037,0,0
30,91,0,0.0062,0.56159997,0.072,118.95307,3319.4946,0.21389893,0.036101084,0.10198556,0.17960289,20955.178,219.58484,121.00992,0,0
30,92,1,0.0064,0.5622,0.075,125.29148,2944.215,0.21434979,0.0367713,0.09955157,0.17399102,21730.207,224.3946,138.3574,0,0
30,93,0,0.0066000004,0.5628,0.066,137.77779,2767.2002,0.2151111,0.037333332,0.096,0.168,22175.45,221.51111,159.3722,0,0
31,80,0,0.126,1.0,0.07208,602.4847,5778.995,0.21412085,0.056076035,0.118397824,0.1545146,11666.024,384.4535,75.60744,0,0
31,81,1,0.1268,1.0,0.07292,630.13367,5544.6606,0.20764141,0.053867966,0.11988659,0.15957879,12913.106,381.20697,78.26205,0,0
31,82,0,0.1276,1.0,0.08975001,607.9263,5073.557,0.20306821,0.05154084,0.12030683,0.1594671,13852.914,377.4593,106.06183,0,0
31,83,0,0.1284,1.0,0.07858,553.0798,4610.284,0.19938403,0.049276914,0.12011248,0.1610873,14933.577,369.02786,128.83865,0,0
31,84,0,0.1292,1.0,0.06167,527.7312,4327.758,0.19640718,0.04790419,0.119228214,0.16314039,16460.65,354.99667,136.03375,0,0
31,85,1,0.13,1.0,0.05667,544.17126,4547.542,0.19389373,0.047316942,0.11776368,0.16508062,17546.998,365.59607,158.33667,0,0
31,86,0,0.1308,1.0,0.05042,572.3301,4667.5938,0.19155078,0.047100496,0.11545526,0.16741012,18728.762,372.76306,169.45546,0,0
31,87,0,0.13159999,1.0,0.04042,541.08984,4721.093,0.19150046,0.0452353,0.11237127,0.16999088,19996.91,374.53397,181.64523,0,0
31,88,0,0.13239999,1.0,0.03808,583.41547,4717.4146,0.19268674,0.04240145,0.109050825,0.17297718,21732.602,376.67273,208.17363,0,0
31,89,1,0.13319999,1.0,0.04083,609.7722,4666.477,0.19492622,0.039218225,0.10535853,0.17512296,23114.436,379.0189,219.6058,0,0
31,90,0,0.134,1.0,0.04975,646.8148,4794.198,0.19692467,0.03786019,0.10078821,0.17534564,24184.861,381.40588,251.60497,0,0
31,91,0,0.1348,1.0,0.066,633.69354,4788.5244,0.1996655,0.036922682,0.095973246,0.17252025,24744.799,429.5124,273.00684,0,0
31,92,0,0.1356,1.0,0.084,623.3376,4420.9463,0.2016624,0.036956523,0.09181585,0.16841432,26098.611,431.0358,302.10986,0,0
31,93,1,0.1364,1.0,0.074,626.8562,4173.9688,0.20370606,0.03693362,0.08871684,0.16372637,26732.072,432.27567,289.68033,0,0
32,80,0,0.018,0.396,0.07467,611.4351,5333.0776,0.26016885,0.060629316,0.13660783,0.16653876,8193.065,264.9271,114.0856,0,0
32,81,0,0.0182,0.4048,0.07267,668.64215,5504.051,0.2588147,0.057014257,0.13578396,0.17029257,9066.073,267.81696,92.01842,0,0
32,82,1,0.0184,0.4136,0.09225,731.8182,5851.613,0.25733137,0.053519063,0.13343108,0.17082112,9603.169,258.65103,100.90022,0,0
32,83,0,0.0186,0.42240003,0.10183,689.2396,5679.6987,0.25538018,0.050215207,0.1312769,0.17216642,9990.121,282.92682,106.08504,0,0
32,84,0,0.0188,0.4312,0.07483,691.4609,5582.7803,0.25476357,0.04940014,0.12702893,0.17219478,10646.654,283.27454,122.52511,0,0
32,85,0,0.019,0.44,0.08858,709.8053,5830.529,0.25382474,0.049374133,0.122392215,0.17246176,11326.229,284.0751,134.65067,0,0
32,86,1,0.019199999,0.4488,0.09142,733.4928,5964.8667,0.2508544,0.050580997,0.117566645,0.17293234,11561.591,295.42035,146.87065,0,0
32,87,0,0.0194,0.4576,0.087919995,637.39014,6002.3667,0.25084516,0.04935767,0.112238,0.17308992,11891.177,298.9182,157.62132,0,0
32,88,0,0.0196,0.4664,0.07825,666.97986,6027.9863,0.252349,0.04832215,0.10738256,0.17181207,12559.061,303.35568,174.84787,0,0
32,89,0,0.0198,0.4752,0.06608,715.0931,5963.6304,0.25265956,0.04587766,0.1037234,0.17021276,13387.154,301.39627,182.75168,0,0
32,90,1,0.02,0.48400003,0.06275,776.6754,5877.004,0.25164258,0.045335088,0.100525625,0.16819973,14193.272,298.68594,207.44681,0,0
32,91,0,0.0202,0.4928,0.069,835.2941,5848.3516,0.25210086,0.04524887,0.0989011,0.16354235,14822.007,315.44925,201.51117,1,0
32,92,0,0.020399999,0.5016,0.068,934.3236,5495.7017,0.25094816,0.04551201,0.09860935,0.15865992,15518.192,318.39444,194.95798,0,0
32,93,0,0.020599999,0.5104,0.075,929.70294,5336.386,0.25123763,0.04579208,0.098391086,0.15284653,16337.564,290.90347,199.36789,0,0
33,80,0,0.137,0.90400004,0.07475,1026.5122,5864.8423,0.21226792,0.054732885,0.12290693,0.1583324,10910.89,324.24536,118.607834,0,0
33,81,0,0.1392,0.90470004,0.07642,1071.1406,5844.4727,0.2071949,0.05293716,0.12431694,0.16336522,12123.048,337.55692,123.242966,0,0
33,82,1,0.14140001,0.90540004,0.08558,993.9341,5499.5396,0.20426378,0.050824333,0.124843664,0.16333143,13021.855,345.13928,145.11612,0,0
33,83,0,0.1436,0.90610003,0.0855,913.0378,4982.88,0.20240854,0.048736356,0.12472438,0.16503647,13875.0,343.84576,158.86867,0,0
33,84,0,0.1458,0.90680003,0.07225,913.7665,4660.0303,0.20027047,0.047447313,0.1236335,0.16691086,15253.151,345.76807,172.49957,0,0
33,85,0,0.148,0.9075,0.06542,929.4346,4656.2837,0.19851618,0.04698741,0.121852525,0.16872752,16254.438,356.55914,186.57162,0,0
33,86,1,0.15020001,0.9082,0.06258,982.5044,4765.474,0.19643359,0.046991535,0.11927326,0.17052655,17417.611,373.55463,193.94672,0,0
33,87,0,0.1524,0.9089,0.04858,1005.60187,4932.1733,0.19637361,0.045217976,0.11662656,0.17208575,18442.74,403.4557,215.6059,0,0
33,88,0,0.1546,0.9096,0.04192,1094.677,5199.515,0.19731343,0.04241681,0.11459784,0.1736804,19712.266,432.3672,228.56343,0,0
33,89,0,0.1568,0.9103,0.05092,1129.0774,5152.622,0.1990769,0.03931491,0.11238392,0.17466496,20983.285,426.54453,248.36964,0,0
33,90,1,0.159,0.911,0.05208,1180.1912,5179.5137,0.20097767,0.038162425,0.10882124,0.17420286,22321.592,421.28653,284.8913,0,0
33,91,0,0.1612,0.9117,0.072,1164.6478,5083.7646,0.20396742,0.03745775,0.10417244,0.17210618,22924.906,332.35995,304.93835,0,0
33,92,0,0.1634,0.9124,0.085,1122.707,4738.9585,0.20619582,0.037771273,0.099950306,0.16919763,24138.203,360.80402,320.61838,0,0
33,93,0,0.1656,0.9131,0.077,1073.5397,4477.793,0.20778151,0.037753474,0.09666429,0.16601637,24770.799,360.44952,340.91336,0,0
34,80,1,0.22399999,0.545,0.06542,452.0401,4158.1943,0.22679362,0.055083305,0.13974838,0.16388983,8021.5874,233.322,231.16951,0,0
34,81,0,0.2236,0.5472,0.06442,436.22626,4079.436,0.22158805,0.05220749,0.14000335,0.16854121,8895.05,233.45645,245.76674,0,0
34,82,0,0.2232,0.5494,0.09017,446.3366,4096.9097,0.21864098,0.049842168,0.13872737,0.16830038,9325.177,221.54843,249.00117,0,0
34,83,0,0.2228,0.5516,0.088920005,409.92264,3777.1926,0.21573144,0.048050027,0.13690966,0.16965608,10064.354,224.4364,255.00912,0,0
34,84,1,0.2224,0.5538,0.06767,403.71515,3641.0935,0.21155094,0.047371835,0.1335172,0.17212848,11146.28,224.82155,234.60588,0,0
34,85,0,0.222,0.556,0.05392,420.9626,3701.0713,0.20802687,0.04732971,0.1299968,0.17476815,11871.359,226.63896,246.90137,0,0
34,86,0,0.2216,0.5582,0.05317,476.55807,3861.4521,0.20484024,0.048086047,0.12527682,0.17652641,12694.279,233.05917,255.94818,0,0
34,87,0,0.2212,0.5604,0.04467,484.68146,4171.7207,0.20252968,0.04731418,0.122267336,0.17692068,13480.276,241.98158,258.9845,0,0
34,88,1,0.2208,0.56259996,0.03625,505.3695,4390.6343,0.20228359,0.04536337,0.1203518,0.17589878,14436.038,250.87178,251.68645,0,0
34,89,0,0.2204,0.5648,0.03517,546.86975,4711.6987,0.20243718,0.042345773,0.11942118,0.17440975,15233.865,260.78445,250.74835,0,0
34,90,0,0.22,0.56700003,0.040999997,621.2536,4844.5215,0.20291597,0.040733505,0.11769127,0.1718022,16284.2295,270.2841,253.28258,0,0
34,91,0,0.21959999,0.5692,0.058000002,657.2085,5221.0405,0.20403023,0.039561417,0.114980005,0.16935843,16809.227,277.2559,267.0074,0,0
34,92,1,0.2192,0.5714,0.059,681.6852,5126.4917,0.2050907,0.039496783,0.111761265,0.16603278,17829.205,318.2124,270.73642,0,0
34,93,0,0.2188,0.5736,0.049000002,679.30884,4973.031,0.20590353,0.039452843,0.1087113,0.16313894,18688.217,301.54068,292.05676,0,0
35,80,1,0.004,0.35900003,0.04967,53.905052,2907.1975,0.237366,0.05513017,0.14854518,0.15926492,7660.2524,186.21747,20.826952,0,0
35,81,0,0.0042,0.3634,0.05125,67.27273,2914.6968,0.23636363,0.05151515,0.1469697,0.16666666,9831.187,187.87878,28.330782,0,0
35,82,0,0.0044,0.3678,0.05717,61.883408,2590.1345,0.2361734,0.047832586,0.14349775,0.16890882,10468.884,196.1136,33.030304,0,0
35,83,0,0.0046,0.3722,0.056750003,53.914326,2633.3826,0.23781389,0.04579025,0.13884786,0.17134416,11101.991,203.54504,41.255604,0,0
35,84,1,0.0047999998,0.3766,0.05217,54.11765,2552.0588,0.23970589,0.045588236,0.13382353,0.175,11623.235,192.79411,51.698673,0,0
35,85,0,0.005,0.38099998,0.05983,47.56278,2663.5154,0.23781389,0.044313144,0.12703103,0.17577547,12011.747,194.38701,55.147057,0,0
35,86,0,0.0052,0.3854,0.06292,52.01794,2592.3767,0.23916292,0.04633782,0.11958146,0.17638266,12371.559,204.78325,55.39143,0,0
35,87,0,0.0054,0.38979998,0.05133,57.791225,2822.3904,0.2375189,0.04538578,0.1149773,0.17397882,12636.25,200.45386,53.961136,0,0
35,88,1,0.0056,0.39419997,0.04817,59.847332,2701.5266,0.2351145,0.042748094,0.11145039,0.17099237,11932.554,195.41985,57.488655,0,0
35,89,0,0.0058,0.3986,0.04225,64.55109,2551.8577,0.23529412,0.041795664,0.108359136,0.16718265,13742.095,201.16098,63.20611,0,0
35,90,0,0.006,0.403,0.04,73.981186,2852.0376,0.23197493,0.042319752,0.106583074,0.16144201,15305.549,206.7398,62.5387,0,0
35,91,0,0.0062,0.4074,0.040999997,65.56082,2737.1248,0.23064771,0.042654026,0.10584518,0.15797788,15602.821,208.84676,68.181816,0,0
35,92,1,0.0064,0.4118,0.049000002,83.596214,2828.8643,0.22870663,0.04416404,0.10410094,0.15299684,17128.012,210.4101,69.66824,0,0
35,93,0,0.0066000004,0.41619998,0.043,82.20473,2738.11,0.22677165,0.044094488,0.10393701,0.14960629,17121.502,210.23622,67.50789,0,0
36,80,0,0.1,0.78900003,0.08367,496.8142,4918.8833,0.23106131,0.05547324,0.13095017,0.15956658,9742.008,217.531,123.726616,0,0
36,81,0,0.100600004,0.78910005,0.09625,496.00482,4945.291,0.22784574,0.05274379,0.12958843,0.16536891,10582.776,217.58435,124.92129,0,0
36,82,1,0.1012,0.7892,0.12508,438.09613,4513.043,0.22580644,0.05029283,0.12745188,0.16519476,11011.481,224.80244,138.74675,0,0
36,83,0,0.1018,0.7893,0.12208,398.20264,4110.2812,0.22462285,0.04842615,0.12441795,0.16641833,11607.037,221.9594,160.98355,0,0
36,84,0,0.1024,0.78940004,0.09417,385.82605,3892.82,0.22294655,0.047867388,0.12097225,0.16762897,12698.378,218.27156,167.69417,0,0
36,85,0,0.103,0.7895,0.08875,381.92828,3808.868,0.22049372,0.04797392,0.11746623,0.16879366,13421.357,218.29529,173.39355,0,0
36,86,1,0.103599995,0.7896,0.08133,421.808,3945.8247,0.21714818,0.04892824,0.113699906,0.16980429,14138.479,226.3933,194.35492,0,0
36,87,0,0.1042,0.78970003,0.07,422.26767,4163.2344,0.21552044,0.048141263,0.11050186,0.16988848,14727.215,223.3829,209.34763,0,0
36,88,0,0.10479999,0.78980005,0.06025,455.07916,4221.5947,0.21566813,0.046022777,0.10825076,0.16918235,15733.143,220.20557,225.27881,0,0
36,89,0,0.105399996,0.7899,0.05533,471.96417,4295.3457,0.21700989,0.043032598,0.10656571,0.16751316,16644.893,216.29881,245.0412,0,0
36,90,1,0.106000006,0.79,0.05658,505.28253,4329.735,0.21700718,0.041597642,0.104822375,0.16473404,17541.703,212.27681,282.002,0,0
36,91,0,0.1066,0.79010004,0.064,561.7916,4470.7495,0.21636198,0.040859234,0.10319927,0.16170019,18000.605,236.44423,292.85846,0,0
36,92,0,0.107200004,0.7902,0.072,525.6782,4137.71,0.21558842,0.041103348,0.101533435,0.15769893,18923.836,240.37746,326.7276,0,0
36,93,0,0.1078,0.7903,0.065,504.14752,3981.1558,0.21648183,0.041294742,0.09990082,0.15309711,19627.885,223.9203,348.2261,0,0
37,80,0,0.068,0.57,0.048250005,416.1653,4597.0576,0.2290909,0.053223144,0.13289256,0.15735537,9364.947,222.41322,142.85715,0,1
37,81,0,0.0686,0.57240003,0.036,427.09946,4413.34,0.22868218,0.049418606,0.13210595,0.1624677,10683.502,224.8385,158.54546,0,0
37,82,1,0.0692,0.5748,0.05708,439.89395,4735.3086,0.22769806,0.046163443,0.13100436,0.16375546,11434.48,249.12665,170.57494,0,0
37,83,0,0.0698,0.5772,0.09017,424.4377,4516.687,0.23130699,0.044680852,0.12735562,0.16504559,11245.398,242.40121,202.74484,0,0
37,84,0,0.0704,0.5796,0.07008,408.94705,4501.43,0.23189287,0.04473524,0.122641504,0.16585514,11830.764,255.66037,227.35562,0,0
37,85,0,0.071,0.582,0.07167,425.86365,5048.9146,0.23203912,0.04555182,0.1173953,0.16661571,12286.498,258.17792,239.56177,0,0
37,86,1,0.0716,0.5844,0.08208,443.37534,5666.8306,0.2296342,0.046726096,0.111896716,0.16753764,12338.326,259.7295,254.66219,0,0
37,87,0,0.0722,0.5868,0.07358,425.66977,5716.355,0.22990654,0.0470405,0.10747664,0.16697818,12508.884,249.87538,298.43222,0,0
37,88,0,0.0728,0.58919996,0.06708,447.71075,5310.83,0.22829176,0.045468897,0.104515314,0.16577202,13311.712,239.7537,300.2804,0,0
37,89,0,0.0734,0.5916,0.056000005,503.07938,5128.825,0.22571428,0.043492064,0.10349206,0.16412699,14188.596,244.8254,329.90213,0,0
37,90,1,0.074,0.59400004,0.056000005,546.73016,5044.095,0.22444445,0.04285714,0.10253968,0.16095237,15104.617,248.60318,368.50793,0,0
37,91,0,0.0746,0.5964,0.067,585.00635,5096.2437,0.22380051,0.042613637,0.10227273,0.15751262,15654.504,303.34598,396.66666,0,0
37,92,0,0.0752,0.5988,0.056999996,624.18097,4819.3135,0.22433697,0.043369737,0.102340095,0.15319812,16476.316,287.64432,434.78537,0,0
37,93,0,0.0758,0.6012,0.06,634.84985,4659.4243,0.22531722,0.043949243,0.10275456,0.14887032,17037.234,275.95172,477.12952,0,0
38,80,0,0.0139999995,0.67,0.08258,486.21344,6143.5244,0.224079,0.050512724,0.12571211,0.18268135,9895.174,240.29625,122.41113,0,0
38,81,0,0.014199999,0.6715,0.09849999,474.92505,6506.596,0.22451276,0.0476012,0.12106447,0.18590704,10473.429,239.88007,120.47094,0,0
38,82,1,0.014400001,0.67300004,0.11557999,470.13135,6057.936,0.22363977,0.045778614,0.11669794,0.18348968,10643.888,228.3302,123.388306,0,0
38,83,0,0.0146,0.6745,0.10808,489.48358,5782.586,0.22276668,0.04447795,0.11232567,0.18205805,11363.678,230.26762,146.34146,0,0
38,84,0,0.0148,0.676,0.09367,507.42407,5752.6436,0.2208474,0.044619422,0.10873641,0.17997749,12276.447,223.47208,148.96344,0,0
38,85,0,0.015,0.6775,0.08817001,553.9469,6211.111,0.21848111,0.04489338,0.10512533,0.17732884,12904.331,218.7804,158.3802,0,0
38,86,1,0.0152,0.679,0.08475,552.5335,6565.0894,0.21535023,0.045454547,0.101341285,0.17511177,13545.436,221.23697,163.7112,0,0
38,87,0,0.0154,0.68050003,0.062,544.1318,6484.191,0.2139948,0.044057757,0.09848204,0.17215845,14166.836,225.0833,177.71982,0,0
38,88,0,0.0156,0.682,0.05825,545.7497,6512.9517,0.21306093,0.04159066,0.0974097,0.16855162,15077.452,226.96097,202.03629,0,0
38,89,0,0.015800001,0.6835,0.05692,524.00574,5701.1465,0.21497671,0.039770693,0.095664635,0.16302401,16285.054,223.77284,218.56987,0,0
38,90,1,0.016,0.685,0.05508,504.0238,5111.022,0.21658503,0.039538138,0.094471656,0.15815255,17201.36,219.38419,220.5661,0,0
38,91,0,0.0162,0.6865,0.06,506.85168,5254.197,0.21719767,0.03973964,0.09318259,0.15484756,17786.602,208.8729,227.15184,0,0
38,92,0,0.0164,0.688,0.075,511.06998,5319.65,0.2166891,0.0410498,0.09219381,0.15141319,18713.094,208.37819,230.62692,0,0
38,93,0,0.0166,0.6895,0.072,503.10025,5262.4673,0.21602902,0.041886546,0.09201847,0.14841689,19446.596,203.16623,221.50069,0,0
39,80,0,0.088,0.84599996,0.07817,362.71072,3361.1008,0.20937291,0.053860415,0.12660149,0.15112947,9929.736,248.98853,64.64502,0,0
39,81,0,0.0884,0.84620005,0.083579995,371.9032,3312.8594,0.20541361,0.051775023,0.12673919,0.15633696,10915.182,241.63084,68.374916,0,0
39,82,1,0.0888,0.8464,0.10917,361.0553,3097.5347,0.20287041,0.04947235,0.12596032,0.15626846,11545.083,245.22583,78.34556,0,0
39,83,0,0.0892,0.84660006,0.11842,344.50076,2866.3708,0.20104748,0.047474235,0.12409191,0.15788141,12085.655,239.30562,88.20599,0,0
39,84,0,0.0896,0.8468,0.09099999,322.92847,2758.866,0.19873042,0.046381716,0.12120186,0.16013542,13048.652,236.52136,98.82581,0,0
39,85,0,0.09,0.84699994,0.080170006,333.36166,2725.24,0.19666979,0.04587546,0.117747,0.16192336,13972.758,237.0147,110.012695,0,0
39,86,1,0.0904,0.84720004,0.06833,361.78394,2767.9622,0.19502674,0.046083342,0.11380803,0.16337095,14848.46,243.07903,119.94733,0,0
39,87,0,0.0908,0.84739995,0.05658,373.2707,2823.4358,0.19456439,0.044788755,0.110574886,0.16383033,15604.539,232.16069,128.70236,0,0
39,88,0,0.0912,0.84760004,0.05092,367.49957,2857.3865,0.1953402,0.042630423,0.10813777,0.16343069,16586.467,221.16327,137.54974,0,0
39,89,0,0.0916,0.8478,0.045,384.17328,3025.5183,0.19694927,0.03969324,0.10568009,0.1623125,17844.217,225.96072,150.96236,0,0
39,90,1,0.092,0.84800005,0.053830005,430.54224,3041.656,0.19806641,0.038167298,0.103320725,0.16015133,18884.217,230.56746,172.40855,0,0
39,91,0,0.0924,0.8482,0.069,450.44775,3111.6748,0.19892877,0.03740899,0.10118002,0.1569169,19637.44,222.1441,187.314,0,0
39,92,0,0.0928,0.84839994,0.075,427.47812,2969.1956,0.19941643,0.037598997,0.09870779,0.15289705,20601.49,215.61484,195.71512,0,0
39,93,0,0.0932,0.84860003,0.07,417.4552,2853.9258,0.20053121,0.037848607,0.096115544,0.14890438,21241.818,208.52423,208.13672,0,0
40,80,1,0.029000001,0.927,0.07225,408.02536,5517.318,0.20380148,0.053854275,0.13621965,0.15417106,9592.049,277.9303,58.842106,0,1
40,81,0,0.03,0.9268,0.07575,441.23822,5404.407,0.19727176,0.05141658,0.13850997,0.15949632,10590.8955,273.97693,64.51954,0,0
40,82,1,0.031,0.92660004,0.10258,403.4591,4983.124,0.19392033,0.04926625,0.13836478,0.16037735,11318.843,264.3606,72.29801,0,0
40,83,0,0.032,0.9264,0.0825,354.8117,4645.3975,0.1914226,0.04707113,0.1380753,0.16213389,12151.601,266.73642,81.86583,0,0
40,84,1,0.033,0.92620003,0.05325,334.71933,4439.2935,0.18918918,0.045738045,0.13513513,0.16632017,13313.318,264.44907,91.841,0,0
40,85,0,0.034,0.926,0.050080005,346.23322,4372.343,0.18679051,0.044375643,0.13209495,0.17027864,14120.255,261.9195,92.619545,0,0
40,86,1,0.035,0.9258,0.04133,334.8004,4557.625,0.185261,0.044012286,0.12794268,0.17400205,15079.766,275.74207,99.380806,0,0
40,87,0,0.036,0.9256,0.03875,358.28284,4905.8584,0.18585859,0.04242424,0.12424242,0.17575759,16025.877,279.39392,103.070625,0,0
40,88,1,0.037,0.9254,0.03058,396.28516,4802.9116,0.18674698,0.04016064,0.12349398,0.17570283,17330.562,284.93976,100.101006,0,0
40,89,0,0.038,0.9252,0.04,376.82318,4832.3677,0.18881118,0.036963034,0.12187812,0.17382617,18435.105,297.25275,118.37349,0,0
40,90,1,0.039,0.925,0.06783,431.67328,4918.1274,0.19123507,0.035856575,0.119521916,0.17231075,19044.355,310.05975,146.75325,0,0
40,91,0,0.04,0.92480004,0.085,461.9522,4577.39,0.1942231,0.03486056,0.11553785,0.1693227,19444.854,277.98804,157.96812,0,0
40,92,1,0.040999997,0.9246,0.088999994,396.1039,4200.1997,0.1978022,0.034965035,0.11088911,0.16483517,20235.46,273.72626,174.20319,0,0
40,93,0,0.042,0.92440003,0.077,401.7,4097.3,0.2,0.035,0.105,0.162,21203.684,273.9,170.82916,0,0
41,80,0,0.304,0.598,0.06908,647.8219,4691.2554,0.24311338,0.058936577,0.14317745,0.16559899,7589.166,212.3959,230.2589,0,0
41,81,0,0.3034,0.5988,0.08392,637.7792,4659.547,0.23749608,0.05536332,0.14469959,0.17017931,8366.804,204.24661,237.89236,0,0
41,82,1,0.3028,0.5996,0.10808,718.85913,4633.9463,0.2350374,0.052057356,0.14339152,0.16988777,8734.523,213.43518,251.96602,0,0
41,83,0,0.3022,0.60040003,0.10042,622.54175,4192.6406,0.23345701,0.04978355,0.14069265,0.17037724,9403.703,205.10204,268.9838,0,0
41,84,0,0.3016,0.6012,0.07083,629.7983,4073.044,0.2304401,0.048899755,0.13753057,0.17176038,10302.934,215.89241,280.6432,0,0
41,85,0,0.301,0.602,0.06858,639.449,4265.577,0.22797456,0.049046323,0.13230397,0.17287315,10914.103,224.9773,284.68826,0,0
41,86,1,0.30040002,0.6028,0.06217,681.69305,4509.4824,0.22464852,0.049655996,0.12802872,0.17409511,11478.976,230.51152,299.96973,0,0
41,87,0,0.2998,0.6036,0.05592,673.55817,4555.487,0.22212362,0.04939367,0.124223605,0.17450458,12197.258,241.748,329.70386,0,0
41,88,0,0.2992,0.6044,0.04567,758.7632,4782.0635,0.22215709,0.04806565,0.12075029,0.17321219,13193.878,253.25322,350.84296,0,0
41,89,0,0.29860002,0.6052,0.04717,826.6127,4882.0366,0.22186866,0.0454151,0.118889205,0.17153601,13883.489,258.20074,378.136,0,0
41,90,1,0.29799998,0.606,0.047,972.5793,5047.9575,0.22107969,0.04398743,0.11682377,0.16909455,15096.975,263.09625,428.34827,0,0
41,91,0,0.2974,0.6068,0.062,972.2269,5205.2515,0.22044368,0.04268464,0.11541701,0.16680709,15466.861,257.14685,462.95343,0,0
41,92,0,0.29680002,0.6076,0.062,944.46295,4948.5986,0.21953928,0.042742155,0.11351651,0.16347489,16170.31,228.83708,483.23502,1,0
41,93,0,0.2962,0.6084,0.075,1023.35986,4880.016,0.21877573,0.04254735,0.11144661,0.16030745,16809.15,267.96597,488.81488,0,1
42,80,0,0.003,0.158,0.04783,126.33864,3103.7627,0.23878437,0.057887122,0.13748191,0.14905934,7703.8667,204.92041,78.343025,0,0
42,81,0,0.0032,0.1717,0.05075,104.05797,2887.2463,0.23913044,0.05362319,0.13768116,0.15507247,8930.102,203.6232,88.13314,0,0
42,82,1,0.0034,0.18540001,0.054420006,98.98698,2545.8755,0.24023156,0.049204055,0.13603474,0.15629523,9324.141,212.59045,95.942024,0,0
42,83,0,0.0036000002,0.1991,0.05408,121.21213,2452.0923,0.23953824,0.046176046,0.13275613,0.15873015,9685.013,210.5339,109.26194,0,0
42,84,0,0.0038,0.21280001,0.043669995,149.35437,2496.8435,0.241033,0.044476327,0.12769009,0.16068867,10788.394,208.1779,116.59452,0,0
42,85,0,0.004,0.22649999,0.0525,138.53868,2540.1145,0.24212034,0.04584527,0.120343834,0.16189112,11149.89,211.46133,129.6987,0,0
42,86,1,0.0042,0.2402,0.04867,126.86782,2635.9197,0.24137932,0.04597701,0.11350574,0.1637931,11757.851,219.1092,148.56734,0,0
42,87,0,0.0044,0.2539,0.042330004,121.98275,2606.0344,0.24137932,0.04597701,0.10775862,0.1637931,12505.156,222.27011,150.86208,0,0
42,88,0,0.0046,0.2676,0.03908,116.47564,2527.364,0.24212034,0.04441261,0.103151865,0.16189112,12839.542,224.7851,162.78735,0,0
42,89,0,0.0047999998,0.28129998,0.04158,139.02438,2615.4949,0.24246773,0.043041606,0.100430414,0.15925395,14133.0205,232.2812,146.1318,0,0
42,90,1,0.005,0.295,0.03617,162.5538,2742.611,0.24246773,0.043041606,0.09756098,0.15638451,15620.623,239.45482,180.20087,0,0
42,91,0,0.0052,0.3087,0.034,182.47864,2901.1396,0.24216524,0.044159546,0.09686609,0.15099715,16410.746,199.4302,192.39598,0,0
42,92,0,0.0054,0.3224,0.031,195.33899,2816.243,0.24293785,0.04519774,0.097457625,0.14548022,17353.754,189.8305,195.72649,0,0
42,93,0,0.0056,0.3361,0.035,208.39162,2749.7903,0.24475525,0.047552448,0.096503496,0.13986014,17986.396,161.11888,210.02824,0,0
43,80,0,0.158,0.648,0.073,453.5831,3999.8257,0.22783707,0.055107817,0.1309083,0.16227402,8030.3994,227.18362,145.3728,0,0
43,81,0,0.1582,0.65089995,0.09075,410.95505,3883.6865,0.2247191,0.052290406,0.13029386,0.16681072,8836.814,226.83665,152.95143,0,0
43,82,1,0.1584,0.65379995,0.11842,421.56693,3996.8145,0.2223418,0.049720187,0.12914336,0.16616444,9264.429,226.73268,170.63525,0,0
43,83,0,0.1586,0.65669996,0.114829995,404.206,3628.97,0.21995708,0.047424894,0.12725322,0.16695279,9849.827,230.08583,169.37149,1,0
43,84,0,0.1588,0.6596,0.08567,448.26117,3466.2258,0.21698314,0.046724983,0.12438659,0.16791125,10876.675,221.18625,199.59229,0,1
43,85,0,0.159,0.6625,0.08,479.15164,3729.0986,0.21314953,0.046871684,0.12131496,0.16967127,11581.116,213.59491,187.79604,0,1
43,86,1,0.1592,0.6654,0.08033,546.92975,4048.5547,0.20995991,0.048111416,0.11690231,0.17071112,12492.33,228.78244,164.47508,0,0
43,87,0,0.1594,0.66830003,0.06608,541.50116,4194.355,0.20719214,0.04766883,0.11373615,0.17144053,13316.115,240.9262,185.52437,0,0
43,88,0,0.1596,0.67120004,0.05775,543.44666,4015.9062,0.2077976,0.046246372,0.11157196,0.17026131,14180.586,253.11075,193.37236,0,0
43,89,0,0.1598,0.67410004,0.05125,558.6732,4034.8992,0.20828182,0.04367532,0.11001236,0.16852081,15075.71,246.2299,206.34592,0,0
43,90,1,0.16,0.677,0.05217,668.3974,4367.2935,0.20789044,0.042109564,0.10834015,0.16598529,15900.631,239.14554,218.99464,0,0
43,91,0,0.1602,0.6799,0.066,726.07025,4641.68,0.20718901,0.040993538,0.10682552,0.16397415,16490.127,286.02585,212.3467,0,0
43,92,0,0.1604,0.6828,0.064,746.00995,4388.7363,0.20716417,0.040995024,0.10527363,0.160398,17622.514,290.64676,231.70436,0,0
43,93,0,0.16059999,0.6857,0.056999996,765.7776,4473.7593,0.20768778,0.041184545,0.10394195,0.15708962,18414.148,277.38773,235.80101,0,0
44,80,0,0.12,0.795,0.052250005,548.02167,5569.471,0.24731182,0.05530958,0.13957411,0.17056715,9915.664,233.2771,190.97063,0,0
44,81,0,0.119899996,0.7971,0.05292,532.75464,5521.246,0.24664316,0.05201411,0.1369863,0.17794657,11267.236,228.05507,210.078,0,0
44,82,1,0.119799994,0.7992,0.0685,575.16144,5706.079,0.24629836,0.049572762,0.13417259,0.18035352,11830.761,230.9569,213.63081,0,0
44,83,0,0.1197,0.8013,0.07992,511.33823,5385.424,0.24485779,0.047739968,0.13128491,0.18353225,12125.668,232.01498,235.79022,0,0
44,84,0,0.1196,0.8034,0.05933,504.38556,5518.7793,0.2443306,0.047604173,0.12731929,0.18529394,13026.462,234.70981,223.83823,0,0
44,85,0,0.1195,0.80550003,0.07008,553.2477,6054.5996,0.24353224,0.048239417,0.12321023,0.18681252,13741.32,240.18312,229.16225,0,0
44,86,1,0.119399995,0.8076,0.08883,663.75824,6798.484,0.24292012,0.0495743,0.118652254,0.18754905,13588.017,244.99126,230.63972,1,0
44,87,0,0.1193,0.8097,0.08442,637.4744,7162.5435,0.2428709,0.049392372,0.11532909,0.18692094,13953.832,252.82156,232.67917,0,1
44,88,0,0.1192,0.8118,0.07308,656.98083,7415.072,0.24311514,0.047939043,0.113217734,0.1852763,14767.041,262.46475,233.55191,0,1
44,89,0,0.1191,0.8139,0.06725,665.7286,7347.992,0.24055453,0.045397747,0.112869635,0.18397097,15694.979,265.01755,242.61716,0,0
44,90,1,0.118999995,0.816,0.06167,758.1653,7034.8833,0.24173506,0.0443728,0.111254394,0.18089098,16734.904,267.3388,261.92657,0,0
44,91,0,0.1189,0.8181,0.066,839.9204,6977.778,0.24296911,0.043798987,0.10863301,0.17842323,17439.58,329.23007,293.32944,0,0
44,92,0,0.1188,0.82019997,0.075,805.1179,6242.035,0.24368036,0.043883957,0.10659956,0.174631,18448.78,337.88385,297.81583,0,0
44,93,0,0.1187,0.8223,0.07,762.12634,5676.956,0.24374688,0.043702513,0.105540454,0.17076147,19134.201,348.4499,341.9499,0,0
45,80,1,0.006,0.77199996,0.06308,302.87473,5568.5835,0.31622177,0.05338809,0.14784394,0.1649555,8005.0874,221.08145,67.39436,0,0
45,81,0,0.0061000003,0.7723,0.06658,298.8119,5454.9834,0.3227723,0.050165012,0.14059407,0.17095709,8703.905,200.06602,63.518135,0,0
45,82,0,0.0062,0.7726,0.0785,284.98074,5035.3657,0.3241335,0.04878049,0.13478819,0.17394094,9130.033,213.99231,74.32343,0,0
45,83,0,0.0063,0.7729,0.09257999,259.8119,4935.11,0.3272727,0.047648903,0.12789969,0.17617555,9567.966,200.43887,76.957634,0,0
45,84,1,0.0064,0.7732,0.0655,248.76695,4605.6104,0.32552406,0.048088778,0.12330456,0.17817509,10342.663,206.28853,79.05956,0,0
45,85,0,0.0064999997,0.77349997,0.05925,267.68106,5056.1167,0.3231893,0.048691414,0.120511256,0.17772368,10915.012,206.1473,91.92355,0,0
45,86,0,0.0066000004,0.77379996,0.05967,267.0475,5217.9194,0.31930247,0.051112447,0.116055325,0.17799158,11317.626,213.95068,98.782715,0,0
45,87,0,0.0067000003,0.77410007,0.06342,230.09537,5395.2324,0.32002383,0.05184744,0.112634085,0.17520858,11781.378,219.04051,104.93084,0,0
45,88,1,0.0068,0.7744,0.04883,243.33925,5341.8,0.3179396,0.052101836,0.1124926,0.1705151,12383.086,224.57076,109.47556,0,0
45,89,0,0.0069,0.7747,0.046829995,258.90973,5426.553,0.3147714,0.05158265,0.114302464,0.16471277,13200.476,224.03284,115.09769,0,0
45,90,0,0.0069999998,0.775,0.043079995,282.44803,5347.575,0.3117783,0.053117782,0.11662818,0.15877599,14041.471,222.34412,138.80421,0,0
45,91,0,0.0070999996,0.77529997,0.049000002,287.32315,5329.824,0.30786645,0.0548953,0.117713645,0.15676288,14735.502,217.43066,142.84065,0,0
45,92,1,0.0072000003,0.77559996,0.049000002,290.83377,5373.937,0.3036996,0.057979017,0.11816676,0.15461071,15504.353,224.13033,147.42502,0,0
45,93,0,0.0073,0.77589995,0.039,301.0215,4936.344,0.2973118,0.060215052,0.12150537,0.15268818,16134.306,227.52689,148.37106,0,0
46,80,1,0.002,0.225,0.06358,178.86497,4812.5244,0.22896282,0.056751467,0.13894325,0.17025441,8572.002,205.28377,61.584156,0,0
46,81,0,0.0021,0.2259,0.058,127.71318,4923.256,0.22480619,0.05426357,0.13953489,0.17248063,9498.661,211.04651,66.9276,0,0
46,82,1,0.0022,0.22680001,0.06817,126.20424,4538.5356,0.22350673,0.05009634,0.13872832,0.16955684,10043.576,220.61658,76.550385,0,0
46,83,0,0.0023,0.22770001,0.06792,133.0784,4015.4878,0.22179732,0.04780115,0.1376673,0.17017208,10741.663,210.32504,83.815025,0,0
46,84,1,0.0023999999,0.22860001,0.05233,145.9203,3844.5918,0.21821633,0.04743833,0.13282733,0.17077799,11735.509,208.34915,72.27534,0,0
46,85,0,0.0025,0.22950001,0.046920005,149.0566,3775.6604,0.21698113,0.04716981,0.12830189,0.1735849,12690.777,210.75473,71.72676,0,0
46,86,1,0.0026,0.23040001,0.048,151.1236,3877.9026,0.21348314,0.04868914,0.12172285,0.17602997,13715.994,212.73409,83.58491,0,0
46,87,0,0.0027,0.2313,0.03742,138.51852,4195.926,0.21296297,0.046296295,0.11666667,0.17592593,14619.002,221.29628,82.20974,0,0
46,88,1,0.0028,0.2322,0.02675,143.81819,4142.909,0.21272728,0.043636367,0.11454545,0.17454547,15602.718,228.0,93.51852,0,0
46,89,0,0.0029,0.2331,0.03583,134.94624,4019.534,0.21326165,0.04121864,0.11469534,0.17204303,16882.678,223.20789,100.545456,0,0
46,90,1,0.003,0.234,0.04858,126.95036,4204.4326,0.21631207,0.03900709,0.11347518,0.16843972,17457.83,219.32623,112.186386,0,0
46,91,0,0.0031,0.2349,0.064,116.5493,3831.6902,0.21478872,0.038732395,0.112676054,0.1637324,17802.836,205.2817,120.74468,0,0
46,92,1,0.0032,0.2358,0.066,109.28196,3294.746,0.21366024,0.038528897,0.11033275,0.15936953,18812.203,203.50262,129.0493,0,0
46,93,0,0.0033000002,0.2367,0.054,114.236115,3858.1597,0.21180555,0.038194444,0.107638896,0.15625,19431.914,198.61111,151.48862,0,0
47,80,0,0.189,0.7,0.04992,305.87244,4293.7534,0.22068448,0.05517112,0.1387694,0.17355525,9895.983,217.56125,169.76262,0,0
47,81,1,0.1889,0.7025,0.06108,320.64658,4334.754,0.2150992,0.052351214,0.13923585,0.17927994,10923.331,221.85893,160.48251,0,0
47,82,0,0.18879999,0.705,0.07708,308.93866,3945.2576,0.21281631,0.049699616,0.13726562,0.17895503,11635.343,229.38284,165.55841,0,0
47,83,0,0.1887,0.7075,0.060749996,291.752,3659.1553,0.21060199,0.04743935,0.13548966,0.1804133,12455.977,226.19946,176.86147,0,0
47,84,0,0.1886,0.71,0.0505,295.18073,3483.0085,0.20729978,0.04642098,0.13288449,0.18214034,13641.125,228.56131,177.08896,0,0
47,85,1,0.1885,0.7125,0.05583,294.1907,3478.9326,0.20524935,0.046369206,0.12948382,0.18337707,14546.368,231.91602,188.96173,0,0
47,86,0,0.1884,0.715,0.050080005,304.67996,3538.5066,0.20285615,0.046799727,0.12646249,0.18479009,15528.753,233.99863,205.02188,0,0
47,87,0,0.1883,0.7175,0.042330004,293.56036,3647.2356,0.20262979,0.045684423,0.12407283,0.18543494,16462.094,245.27983,215.84651,0,0
47,88,0,0.1882,0.72,0.03908,297.16748,3851.1846,0.20324665,0.04339904,0.121086635,0.18552262,17560.176,256.75003,217.98718,0,0
47,89,1,0.1881,0.7225,0.03917,311.3889,3884.9182,0.20490196,0.04035948,0.11879084,0.18480392,18768.68,257.41013,230.71063,0,0
47,90,0,0.188,0.725,0.04275,349.5086,4077.058,0.20573546,0.038504913,0.11599807,0.18366359,19558.0,257.88626,265.8987,0,0
47,91,0,0.1879,0.7275,0.058000002,373.0757,4232.824,0.20706107,0.037531808,0.11164123,0.18145674,20074.55,264.9491,280.61865,0,0
47,92,0,0.1878,0.73,0.064,373.8974,3913.2156,0.20706913,0.037535187,0.10807007,0.17829214,20871.504,219.50267,312.65903,0,0
47,93,1,0.1877,0.7325,0.05,372.20767,3743.2598,0.20720999,0.037436448,0.10506856,0.17454937,21542.361,280.68094,328.26086,0,0
48,80,1,0.025999999,0.804,0.07858,462.1975,6421.539,0.22362053,0.052032914,0.13407551,0.1803001,10775.346,202.66216,108.06371,0,0
48,81,0,0.026500002,0.8053,0.09533,444.73563,6259.089,0.22285175,0.048630785,0.13054769,0.18578848,11715.488,198.55997,106.46176,0,0
48,82,0,0.027,0.80660003,0.12108001,403.34348,5831.868,0.2221183,0.046060324,0.12649053,0.18541032,12188.763,197.70868,125.967896,0,0
48,83,0,0.0275,0.8079,0.11183,371.76746,5705.977,0.2211628,0.044651166,0.122325584,0.18604651,12896.818,198.25581,146.45781,0,0
48,84,1,0.027999999,0.8092,0.0945,406.90607,5701.8184,0.21892266,0.0446593,0.11786372,0.1866943,13703.657,208.93185,154.83722,0,0
48,85,0,0.028499998,0.8105,0.08141999,426.29547,6115.886,0.21772727,0.045227274,0.11363636,0.18636364,14451.414,216.00002,157.02118,0,0
48,86,0,0.029000001,0.8118,0.08192,438.01932,6457.1074,0.21580957,0.045587245,0.10958904,0.18616663,15384.263,219.13316,157.25,0,0
48,87,0,0.0295,0.8131,0.076,440.09265,6586.298,0.21624006,0.044130627,0.106796116,0.18446602,15977.991,222.37422,148.28204,0,0
48,88,1,0.03,0.8144,0.06175,464.28882,6616.552,0.21724138,0.04137931,0.10474138,0.1823276,16670.611,224.09482,135.28244,0,0
48,89,0,0.0305,0.8157,0.06175,473.2406,6141.4243,0.22018541,0.038980193,0.10261273,0.17867678,18086.373,221.60767,125.344826,0,0
48,90,0,0.031,0.817,0.04875,498.46844,5685.93,0.22238106,0.038390853,0.10046968,0.17480089,19281.252,217.21463,145.97556,0,0
48,91,0,0.0315,0.8183,0.063,522.807,5783.7915,0.22448166,0.038676236,0.09708931,0.171252,20163.48,221.35167,163.26323,0,0
48,92,1,0.032,0.8196,0.075,533.8129,5630.585,0.22399378,0.039665565,0.09508069,0.16741201,21304.66,222.53549,182.53589,0,0
48,93,0,0.0325,0.82089996,0.075,514.55756,5437.7354,0.22473834,0.040342532,0.09362511,0.16308278,21773.91,221.50333,193.64185,0,0
49,80,1,0.033,0.368,0.09383,181.89743,2344.564,0.23384614,0.053333335,0.124615386,0.15692307,7985.0234,171.17949,64.41812,0,0
49,81,0,0.0328,0.3676,0.10667,174.51382,2440.1738,0.23029682,0.051177073,0.12333675,0.16018423,8610.474,173.13203,64.46154,0,0
49,82,0,0.0326,0.36720002,0.1395,174.61539,2334.0513,0.22820513,0.04923077,0.12102564,0.15897436,9117.828,170.3077,80.09212,0,0
49,83,0,0.0324,0.3668,0.18033,173.52185,2270.3342,0.2267352,0.04781491,0.11825193,0.15835476,9281.936,177.018,79.333336,0,0
49,84,1,0.0322,0.3664,0.15,170.28009,2194.6577,0.22354773,0.04823651,0.11462656,0.15767634,9955.829,176.71162,82.82777,0,0
49,85,0,0.032,0.366,0.13075,168.53697,2118.5632,0.21919245,0.048243314,0.111169375,0.15731516,10423.759,175.03932,81.89834,0,0
49,86,0,0.0318,0.36560002,0.11842,167.69394,2194.527,0.21466523,0.049415518,0.10733262,0.1562168,11009.833,174.97343,90.456215,0,0
49,87,0,0.031600002,0.3652,0.10792,140.20453,2096.5015,0.21044134,0.04951561,0.10495156,0.15392895,11355.645,178.82132,78.21466,0,0
49,88,1,0.031400003,0.3648,0.10033,135.30054,2169.563,0.20710382,0.04863388,0.10273224,0.15136611,12127.501,183.1694,77.98708,0,0
49,89,0,0.0312,0.3644,0.08617,150.7471,2277.4766,0.20420587,0.046485886,0.10127283,0.14831212,12922.944,181.62701,85.08196,0,0
49,90,0,0.031,0.36400002,0.08292,169.13649,2331.755,0.20167132,0.04568245,0.10139275,0.1454039,13946.56,178.9415,90.647484,0,0
49,91,0,0.0308,0.36360002,0.105,191.21735,2475.1528,0.1978877,0.045025013,0.10339077,0.14174542,14666.755,205.11395,92.86908,0,0
49,92,1,0.0306,0.3632,0.113000005,211.88503,2402.1558,0.19624102,0.0458817,0.1050304,0.13764511,15525.7295,207.9049,99.44413,0,0
49,93,0,0.0304,0.3628,0.108,208.40659,2324.1758,0.19285715,0.046153847,0.10714286,0.13461538,16149.381,200.32967,113.59867,0,0
50,80,0,0.039,0.66800004,0.07142,181.59796,4591.4365,0.23034424,0.05822354,0.13663408,0.15937102,9787.642,248.25754,78.51804,0,0
50,81,0,0.0401,0.6686,0.07817,188.40457,4591.557,0.2266187,0.05501481,0.13669065,0.16462123,10569.832,252.5603,84.57289,0,0
50,82,1,0.041199997,0.6692,0.10642,191.94333,4280.9683,0.22436033,0.052230917,0.1351237,0.1651512,11076.134,257.64432,92.78459,0,0
50,83,0,0.0423,0.66980004,0.10441999,192.12032,4090.6162,0.2221987,0.04956577,0.13281085,0.16712561,11628.553,248.16776,99.68281,0,0
50,84,0,0.0434,0.6704,0.07333,197.78293,4000.929,0.22065033,0.04814189,0.12901182,0.16891891,12666.094,256.73563,102.626564,0,0
50,85,0,0.044499997,0.671,0.07208,208.08762,3831.4658,0.21967144,0.04738837,0.12468407,0.17059815,13286.628,260.7203,105.02534,0,0
50,86,1,0.0456,0.67160004,0.0705,259.4407,3862.321,0.21867114,0.047729183,0.119007565,0.17178302,14066.013,266.3793,113.62679,0,0
50,87,0,0.0467,0.6722,0.06108,251.44412,3943.3025,0.21933863,0.04604437,0.11448305,0.17203851,14701.186,267.62244,120.206055,0,0
50,88,0,0.0478,0.6728,0.042920005,215.96849,3785.6697,0.22024055,0.043757778,0.110949814,0.171713,15400.323,267.62756,128.21265,0,0
50,89,0,0.048899997,0.6734,0.04375,223.05951,3950.3606,0.22256537,0.041177683,0.107679635,0.16985793,16436.34,265.26663,131.16965,0,0
50,90,1,0.05,0.674,0.04383,264.08322,4120.9873,0.22374056,0.040587395,0.10442586,0.16724455,17395.162,262.34958,139.4894,0,0
50,91,0,0.0511,0.6746,0.054,277.40045,4195.6743,0.22397414,0.04103497,0.10167778,0.16393775,17968.06,279.94745,151.70303,0,0
50,92,0,0.052199997,0.6752,0.051,276.5071,4054.6365,0.22411375,0.04205888,0.0991388,0.15982375,19113.465,292.16904,157.16595,0,0
50,93,0,0.0533,0.6758,0.047,264.41046,3789.6587,0.2235014,0.042675667,0.09745931,0.1558158,19821.422,284.25964,160.06409,0,0
51,80,0,0.0069999998,0.153,0.03858,391.70212,4583.617,0.2574468,0.05106383,0.1468085,0.1893617,11467.209,302.5532,111.01322,0,0
51,81,0,0.0070999996,0.1673,0.04008,430.08133,4701.829,0.26219514,0.04878049,0.13617887,0.19308943,12471.299,304.6748,113.61703,0,0
51,82,1,0.0072000003,0.1816,0.058579996,301.77866,4464.229,0.26482213,0.04743083,0.1264822,0.19367588,12538.548,344.86166,113.00813,0,0
51,83,0,0.0073,0.19590001,0.083579995,239.0196,3806.2744,0.27058822,0.047058824,0.11764706,0.19215687,12173.975,355.2941,138.73517,0,0
51,84,0,0.0074,0.21020001,0.06292,244.95049,3481.5842,0.27128714,0.045544554,0.11089108,0.18811882,12701.647,348.31683,141.37254,0,0
51,85,0,0.0075,0.2245,0.07158,261.4,3825.9998,0.268,0.048,0.103999995,0.186,13504.594,360.0,143.36633,0,0
51,86,1,0.0076,0.23879999,0.0915,299.59677,4154.234,0.26814517,0.050403226,0.0967742,0.1814516,13264.019,333.26614,152.40001,0,0
51,87,0,0.0077,0.2531,0.08708,290.7757,3850.3145,0.2662474,0.050314464,0.09433962,0.17610064,13282.971,340.7757,173.5887,0,0
51,88,0,0.0078,0.2674,0.063,318.0645,3700.215,0.26236558,0.047311828,0.09247312,0.17204303,14265.185,343.6559,192.03354,0,0
51,89,0,0.007900001,0.28170002,0.06275,267.90393,3765.5022,0.2576419,0.045851525,0.09170305,0.16812228,15282.518,355.67688,203.2258,0,0
51,90,1,0.008,0.296,0.05308,301.10132,3905.727,0.25110132,0.046255507,0.09251101,0.16299559,16880.656,365.63876,224.01747,0,0
51,91,0,0.0081,0.3103,0.051,311.57205,4096.5063,0.2489083,0.048034936,0.09606987,0.15720524,18292.35,409.607,244.4934,0,0
51,92,0,0.0082,0.32459998,0.055999998,320.21506,4264.7314,0.24731182,0.049462367,0.09892473,0.15053764,18860.377,401.9355,239.95633,0,0
51,93,0,0.0083,0.3389,0.054,286.17023,3876.8086,0.24468084,0.048936173,0.10212766,0.1468085,19734.197,357.02127,228.60214,0,0
